rebalance_date,h,date,pv_rebalance,pv_q05,pv_q25,pv_q50,pv_q75,pv_q95,pv_mu_1s_lo,pv_mu_1s_hi,pv_mu_2s_lo,pv_mu_2s_hi,pv_mu_3s_lo,pv_mu_3s_hi
2024-07-01,0,2024-07-01,0.99828,0.99828,0.99828,0.99828,0.99828,0.99828,0.99828,0.99828,0.99828,0.99828,0.99828,0.99828
2024-07-01,1,2024-07-02,0.99828,0.9838474878083225,0.994867689847241,1.0031029961204898,1.0106557949093018,1.0232085859060875,0.991208729572692,1.0148968658069568,0.979572809437204,1.0269523850726165,0.9680734847869656,1.0391511066178982
2024-07-01,2,2024-07-03,0.99828,0.9811692486314694,0.9962532340287785,1.007402429589151,1.0190021043260873,1.0346405287152958,0.9911871587473795,1.0241174584656352,0.9751212382408561,1.0409906318022493,0.9593157264769641,1.0581418044797535
2024-07-01,3,2024-07-05,0.99828,0.9789441332592289,0.9980010603082258,1.0118194579765873,1.0253374016894323,1.0469057466768878,0.9918513642339333,1.0324338211402966,0.9721623127145868,1.0533435421085842,0.9528641047870428,1.0746767443906557
2024-07-01,4,2024-07-08,0.99828,0.9780364316919208,1.000503398017794,1.0168045258685505,1.032998624163055,1.0568086962364882,0.993148036153382,1.0408874228315768,0.9701058014712749,1.065610883136797,0.9475981744808889,1.0909215822500344
2024-07-01,5,2024-07-09,0.99828,0.9794703008033931,1.002092518758933,1.020199092435234,1.0397699830471012,1.0661962759308938,0.9946483697760852,1.0478463070004782,0.9690709373620667,1.075502918156871,0.9441512298976613,1.1038894914609043
2024-07-01,6,2024-07-10,0.99828,0.9795817202494674,1.0051780992165091,1.025285739568606,1.045060200240521,1.0748711984824253,0.9966212901827692,1.0546907989048342,0.9687967252106494,1.08498230577718,0.9417489913412905,1.1161438073337973
2024-07-01,7,2024-07-11,0.99828,0.9790800829430819,1.008570932697432,1.0297750793475124,1.0512604691483223,1.0843562322765625,0.9985840702288475,1.0617517655798512,0.9684238012837596,1.0948186096210242,0.9391744639767378,1.1289152764609813
2024-07-01,8,2024-07-12,0.99828,0.9790565783628933,1.0113564444099168,1.0337993604003586,1.056304502530879,1.0917303003219812,1.0003405140716093,1.0684737303334861,0.9679208894745954,1.1042612803345875,0.9365519391672125,1.1412475015792782
2024-07-01,9,2024-07-15,0.99828,0.9800488862443263,1.0137724399389136,1.0376351979346343,1.0640036060092308,1.1019893717562672,1.0022846062289303,1.0754524756402941,0.9675891248900401,1.1140156842787554,0.9340946760900676,1.1539616793203153
2024-07-01,10,2024-07-16,0.99828,0.9797986708950511,1.016115174006271,1.0420673318291858,1.07012154536938,1.106211887526467,1.0039607597984503,1.0820203711023313,0.9670688380854999,1.1232974852543598,0.931532560877966,1.166149246426189
2024-07-01,11,2024-07-17,0.99828,0.9811528945798902,1.019973098509253,1.046521629026003,1.0748584043285252,1.1154643471988726,1.0062444766036012,1.0883922591072501,0.9675257718192677,1.1319478312660032,0.9302969018961764,1.1772464219460679
2024-07-01,12,2024-07-18,0.99828,0.9807051402035815,1.0214205182579108,1.0508368748660022,1.0799695208002031,1.1244784378391015,1.008315616591515,1.0943479776840808,0.9678699814933871,1.1400789124398945,0.9290467048825953,1.187720864930731
2024-07-01,13,2024-07-19,0.99828,0.9825880815625163,1.0250808897610657,1.0560201568357876,1.0866449396629043,1.1312179542240068,1.0107303278715511,1.1011377806038973,0.9683494585556887,1.149330275540733,0.927745658784925,1.1996319675364173
2024-07-01,14,2024-07-22,0.99828,0.9853256851194045,1.0277939851906395,1.0604933374536851,1.0926886485237648,1.1363992985564746,1.0138703420298314,1.107648358477228,0.9700021003085614,1.157741637570531,0.9280319539866136,1.210100379877962
2024-07-01,15,2024-07-23,0.99828,0.9866053463476756,1.0321694569501338,1.0644616094722692,1.0981471471858906,1.1436917951363468,1.0170720059874887,1.11422181019605,0.9717213027274778,1.1662230810729988,0.9283927633595708,1.2206512764169368
2024-07-01,16,2024-07-24,0.99828,0.9883392687161361,1.0355169729649334,1.068124526505183,1.1039545071856462,1.153041951497211,1.0201646523676162,1.1202005787965386,0.9735483185992575,1.1738390506330694,0.9290621140889158,1.2300458889884327
2024-07-01,17,2024-07-25,0.99828,0.9905578013482049,1.0399534427479993,1.072913991598532,1.1103816284347383,1.1601142123603092,1.02313022491573,1.1265425586673428,0.9750403093273204,1.1821047093136468,0.929210751145018,1.2404072380847633
2024-07-01,18,2024-07-26,0.99828,0.9923143515485586,1.0448950632215668,1.0783267384534483,1.1155568534681328,1.166948039281399,1.0261715070918804,1.1328111285842246,0.9766774806084989,1.190217370779842,0.9295706366190846,1.2505327269132265
2024-07-01,19,2024-07-29,0.99828,0.99411669269367,1.049839860848922,1.081883862999518,1.1219732666526452,1.1759462963862677,1.0297436245779992,1.1396808704145704,0.9788182054038927,1.1989755644958107,0.9304112755470874,1.2613552105469026
2024-07-01,20,2024-07-30,0.99828,0.9974039788232876,1.0523833562801164,1.0878235303734942,1.1265739552486267,1.1827393919543088,1.032540654220833,1.1459143387932949,0.9801322138641345,1.207187279758848,0.9303838572623891,1.2717365330694599
2024-07-01,21,2024-07-31,0.99828,1.0007470366567415,1.0559519449194505,1.093819059904852,1.1327837647115717,1.1908396898742906,1.0359977931056816,1.153080026181001,0.9819932911656015,1.2164934049394698,0.930803936370819,1.2833941883136297
2024-07-01,22,2024-08-01,0.99828,1.0000526096625537,1.0585731939314034,1.098307284667753,1.1386533978196733,1.2002693293854703,1.0387420493331538,1.1591293891706442,0.9833216706451288,1.2244583569072247,0.9308581553823362,1.293469289802657
2024-07-01,23,2024-08-02,0.99828,1.0047985634652636,1.0621542392833154,1.102770939690199,1.1454846804610124,1.2047381991337878,1.04226776984922,1.1654711028638065,0.9856397443377581,1.2324309913270974,0.9320884073377246,1.3032379306970985
2024-07-01,24,2024-08-05,0.99828,1.0050539371074327,1.0657860135069268,1.1076428778682317,1.151321581475341,1.2113505704277292,1.0455848741878602,1.171775971833277,0.9876808737545103,1.2404727727775942,0.9329835697347728,1.313197007782195
2024-07-01,25,2024-08-06,0.99828,1.0065434623882608,1.0699316721188254,1.1134717977615805,1.155712241443923,1.21931688896553,1.0483558060964175,1.1782827919550423,0.9888679233969468,1.249165411217119,0.9327556200260658,1.3243121559911337
2024-07-01,26,2024-08-07,0.99828,1.0095796909654118,1.071809116464134,1.1172159849943224,1.1636083694537078,1.2264054922135472,1.0518665236675873,1.184835069468206,0.9910875037895802,1.257495771943027,0.9338204211908877,1.3346124344245893
2024-07-01,27,2024-08-08,0.99828,1.0111975382322604,1.0761403593342365,1.1229468629612072,1.1681111315198023,1.2357750817393818,1.0554538032175722,1.1919501902361644,0.9931841728171061,1.2666818460893223,0.9345883241192499,1.3460989497340932
2024-07-01,28,2024-08-09,0.99828,1.016123605383743,1.0813345800254774,1.1280696151484704,1.1757377997363903,1.243313850044853,1.0591002062913748,1.1987462905970425,0.995501550532058,1.2753294487424947,0.9357219753378897,1.3568052018911898
2024-07-01,29,2024-08-12,0.99828,1.0155328241161075,1.085775348719552,1.13311227229271,1.1803373569198952,1.2490223040881216,1.0621348826397448,1.2043521441109906,0.9974537402577656,1.2824498737271572,0.936711504551594,1.3656119488514242
2024-07-01,30,2024-08-13,0.99828,1.017768790451611,1.0879063385558283,1.1388299483750086,1.1868345522001142,1.258604442998068,1.0654225502991073,1.2112403725700598,0.999235046776943,1.291470721459698,0.9371593255905915,1.3770153820489173
2024-07-01,31,2024-08-14,0.99828,1.0211656176093962,1.0903886779833276,1.1425377357526525,1.1932025325667803,1.2636501261270265,1.068517067860957,1.2175346049959954,1.0009941485273026,1.2996644466539409,0.9377382126349765,1.3873344272640613
2024-07-01,32,2024-08-15,0.99828,1.0260874173446246,1.0961543294637617,1.1483082353560419,1.199252809805408,1.2750160192003845,1.0723386750053356,1.2242241792262563,1.0036157724449812,1.3080533111419845,0.9392971103045638,1.39762266897139
2024-07-01,33,2024-08-16,0.99828,1.0301104255638414,1.1001192211980322,1.1516083321866568,1.2053449086038377,1.2818876904684444,1.0763172994616206,1.2307038335119962,1.0065461784952747,1.3160129707143033,0.9412978960295599,1.407235511850223
2024-07-01,34,2024-08-19,0.99828,1.0334823051466593,1.1045208718809443,1.1584819583037695,1.2127044323557472,1.288828491779364,1.0803216194260203,1.2380846420785934,1.0091469983067263,1.325406117999762,0.9426615610382252,1.4188863329100925
2024-07-01,35,2024-08-20,0.99828,1.0370711475340832,1.106878337995887,1.1629205790167951,1.2189439579506245,1.2946533148409047,1.083592338999507,1.2445571928881431,1.0110938278776216,1.3337957393045738,0.9434458808707824,1.42943296166135
2024-07-01,36,2024-08-21,0.99828,1.0337884775774113,1.1105779290695446,1.1671161356827398,1.2256242688460386,1.3022418416471588,1.0860906557987275,1.251344239522376,1.0118373733456332,1.3431736379128307,0.9426606007820417,1.441741900112633
2024-07-01,37,2024-08-22,0.99828,1.0396474746465918,1.1155510001036413,1.1731514323321752,1.2314696470638293,1.3090815654838994,1.0898960899753005,1.258426346489265,1.014293729797472,1.352225607107338,0.9439356464979901,1.4530163784459569
2024-07-01,38,2024-08-23,0.99828,1.040743615265414,1.1187848771345483,1.1779130248820084,1.2373106957456688,1.3183806636833824,1.0932334100491314,1.2648967769029498,1.0163465105213256,1.3605865740262721,0.9448670521352367,1.463515331229738
2024-07-01,39,2024-08-26,0.99828,1.0423896019023975,1.1223471298888483,1.183546906522603,1.2440489180231626,1.3287825132667712,1.097046801397675,1.2716812028740418,1.0189399903455156,1.3691618831619794,0.9463941762580851,1.4741149417534756
2024-07-01,40,2024-08-27,0.99828,1.047169902442018,1.126769980042821,1.1887418977673088,1.251489382463299,1.3369943778390867,1.1012905360992478,1.2788626239709027,1.0219765090018826,1.3781131878713384,0.9483746120719874,1.4850664355862155
2024-07-01,41,2024-08-28,0.99828,1.0501071182348127,1.1309870025736348,1.1944365451208239,1.2550659963203072,1.3449457439961656,1.1046312553751079,1.2852549758719436,1.0240740094598888,1.3863576307568988,0.9493915474038689,1.495413374341512
2024-07-01,42,2024-08-29,0.99828,1.0499473059948445,1.134050949298461,1.2017432940189887,1.261241666187269,1.3499123045248644,1.1084543165919352,1.2925346307615684,1.0264920838206197,1.3957395418770628,0.9505903692865504,1.5071850474221868
2024-07-01,43,2024-08-30,0.99828,1.0531250713489166,1.1401065866546398,1.204743483371367,1.2678553768543943,1.3549998993553678,1.1118566590512033,1.298206245490465,1.028966782961057,1.4027850876941903,0.9522564188631332,1.5157884266022428
2024-07-01,44,2024-09-03,0.99828,1.055930966117279,1.1426950259680284,1.2098148684107257,1.2726128192745403,1.365256150768231,1.1149235822980041,1.3046590900936867,1.0306688013891205,1.4113119407945844,0.9527811547114209,1.5266834143518264
2024-07-01,45,2024-09-04,0.99828,1.0585353187361475,1.1484794332325055,1.2139087465476885,1.279756899961331,1.3736662187515976,1.1186645870319547,1.31158622060898,1.0331215304538641,1.4201863135983381,0.9541198577843656,1.5377785567124678
2024-07-01,46,2024-09-05,0.99828,1.0629990026202456,1.151436099951868,1.2173890065857755,1.2852423209144028,1.3860055772843751,1.1228748857472626,1.318454294651066,1.0362499274428276,1.428670030523099,0.9563077113534804,1.5480992131434157
2024-07-01,47,2024-09-06,0.99828,1.064119952741171,1.1561167528706262,1.2236153354569825,1.292449731357763,1.3914920061679545,1.125987240051965,1.3251288445096938,1.037937372765002,1.4375416181112297,0.9567728225167065,1.5594905449111105
2024-07-01,48,2024-09-09,0.99828,1.0694177299709742,1.1608421806465068,1.2286700652208555,1.2969479593132909,1.3948830663298428,1.1296507926250092,1.331998207695283,1.040314128895452,1.4463831541879255,0.9580425153021254,1.5705908736456782
2024-07-01,49,2024-09-10,0.99828,1.076279971429268,1.165206032110716,1.2324753770986647,1.305845739399406,1.4050385549163114,1.1336962007671856,1.3385913797709859,1.0433283894424952,1.4545333731759955,0.9601638670748363,1.5805176737688995
2024-07-01,50,2024-09-11,0.99828,1.0760905377974597,1.1687016619628556,1.238116930711001,1.309473682895864,1.4131548420146736,1.1366633857121058,1.3449507573275084,1.0449478437286566,1.4629976898989816,0.9606326814416538,1.59140565480834
2024-07-01,51,2024-09-12,0.99828,1.0777729015597108,1.171649208165158,1.246245141754378,1.3184802228630221,1.417799582634836,1.1413264486153438,1.3524264440059812,1.0484747967194576,1.4721956838451673,0.96317701275527,1.6025715417930375
2024-07-01,52,2024-09-13,0.99828,1.083656092518824,1.1782378288143447,1.2503301459432472,1.3243126995185002,1.4294111138379744,1.1455101709806572,1.3590761769051947,1.0516628301659134,1.4803561931886449,0.9655040490873601,1.612458886375466
2024-07-01,53,2024-09-16,0.99828,1.0881790257458281,1.181619414902465,1.2547173576049389,1.3302921322607577,1.4353996189475795,1.1497114068133325,1.3655700815721294,1.0549363660978477,1.4882523250135715,0.9679739888815606,1.621956289755833
2024-07-01,54,2024-09-17,0.99828,1.0893759431374266,1.1834794625647442,1.259908463726707,1.3372564894039265,1.4435513953942312,1.1534490757155016,1.372308386938658,1.0574790671822751,1.4968502825580636,0.9694940167471375,1.6326948007600477
2024-07-01,55,2024-09-18,0.99828,1.093434442529468,1.189313667803293,1.265737052641812,1.3390926454534688,1.4539722472156635,1.1578702761633564,1.3789768178130297,1.0609902067211496,1.5048925605056775,0.972216181667807,1.642305794710174
2024-07-01,56,2024-09-19,0.99828,1.1001667327767148,1.1930563344012945,1.2715264942886209,1.3471071667900556,1.4577687564778916,1.1619074761406945,1.3855352241999286,1.0640169185289894,1.513005768441932,0.9743736279900113,1.6522037226880626
2024-07-01,57,2024-09-20,0.99828,1.1021848527950786,1.1983803911886681,1.2776207456703847,1.3516316124491257,1.4630155303945538,1.1664604886420573,1.3915994553491018,1.067942632094001,1.519974698919646,0.9777454757782542,1.6601925765889964
2024-07-01,58,2024-09-23,0.99828,1.1058299655762256,1.2040134906176105,1.282892288944356,1.3592011085560414,1.4720309225702206,1.1704370310535246,1.398820004475347,1.0706343263469107,1.5292156179998115,0.9793417589671974,1.6717664880776735
2024-07-01,59,2024-09-24,0.99828,1.105866495476541,1.2073409733746767,1.2888040266544631,1.365869482451671,1.483224882130786,1.174397218696122,1.405900319809321,1.0733596278747959,1.5382406627470517,0.9810146621691114,1.6830384794630457
2024-07-01,60,2024-09-25,0.99828,1.1083363991752093,1.212847031239218,1.2946582335665908,1.3766180396923722,1.4891185854723303,1.178219431676546,1.413397225272349,1.0757395955916025,1.5480438596087631,0.9821733086483946,1.6955175434213996
2024-07-01,61,2024-09-26,0.99828,1.1107716025058592,1.2171893529787132,1.2996692504565432,1.38456967270981,1.5007658219997373,1.1821937522636752,1.420417894960621,1.0785118524720663,1.5569686667578457,0.9839231629294656,1.7066466410104677
2024-07-01,62,2024-09-27,0.99828,1.1161769189867436,1.222601656278597,1.3040595945062425,1.390122394475511,1.508928819910827,1.186601789260903,1.427945202513653,1.0816872918795324,1.566443781848487,0.9860489070579124,1.71837554926645
2024-07-01,63,2024-09-30,0.99828,1.1186199878738081,1.226790453965444,1.310536434329895,1.3977286272605158,1.5139896066427534,1.1902211514264363,1.4357095999150422,1.083697804739362,1.5768343588514082,0.9867081681328178,1.7318311414797696
2024-07-01,64,2024-10-01,0.99828,1.1230415427071176,1.23034420595447,1.3129241573632657,1.4031019577587551,1.5269595289293445,1.1945173573367853,1.4439695694157308,1.0864498311042754,1.587599044845051,0.9881591324367092,1.7455151275887133
2024-10-01,0,2024-10-01,1.0174665320286822,1.0174665320286822,1.0174665320286822,1.0174665320286822,1.0174665320286822,1.0174665320286822,1.0174665320286822,1.0174665320286822,1.0174665320286822,1.0174665320286822,1.0174665320286822,1.0174665320286822
2024-10-01,1,2024-10-02,1.0174665320286822,1.0011353278022614,1.0128632350446904,1.0213122757342852,1.0298406172807475,1.041503756001611,1.0087870102693592,1.0336527209991557,0.9965793775038915,1.0463144849387118,0.9845194729468755,1.0591313495835672
2024-10-01,2,2024-10-03,1.0174665320286822,0.9965074193783544,1.0129797466154193,1.025000488893836,1.036343758618901,1.053423469107382,1.0073780245110782,1.0423636749745222,0.9903280378993411,1.0603095333393675,0.9735666242328015,1.0785643566462795
2024-10-01,3,2024-10-04,1.0174665320286822,0.9931858979528891,1.0142365226961396,1.0283294344244172,1.042481074101127,1.0637802624047596,1.007105633417257,1.0496042160589305,0.9865060537200917,1.0715213706649795,0.9663278227569813,1.0938961850809608
2024-10-01,4,2024-10-07,1.0174665320286822,0.9923563922744845,1.014633322170868,1.0312807950339595,1.0478215564774087,1.07201534868371,1.0072667990438011,1.0558796815319875,0.9838062164674741,1.0810589821346952,0.9608920620424007,1.1068387272671447
2024-10-01,5,2024-10-08,1.0174665320286822,0.9898469533984741,1.0162047162101413,1.0340909256718724,1.0536367971080085,1.0812223894218387,1.006986186528752,1.0628031485951612,0.98018680862909,1.0918613474623633,0.9541006546697531,1.121714029223714
2024-10-01,6,2024-10-09,1.0174665320286822,0.9886714921209576,1.0180769481490832,1.03723347441525,1.0588139164003791,1.0908486506453077,1.0076803090150535,1.0695453782714512,0.978102908910884,1.1018879582745358,0.9493936637057392,1.1352085636167102
2024-10-01,7,2024-10-10,1.0174665320286822,0.9873376772148034,1.0186845512168907,1.0411955840484972,1.065525310418292,1.0966262369247555,1.008346241603125,1.0757516250787558,0.9762443208001325,1.111125652600539,0.9451644034288217,1.1476628871247014
2024-10-01,8,2024-10-11,1.0174665320286822,0.9863281009848488,1.0199368252978354,1.0447930061449102,1.0714927966697623,1.1055595895515054,1.009365744566441,1.0825047099372993,0.9746707775493377,1.121038198446687,0.941168381949283,1.1609433481812619
2024-10-01,9,2024-10-14,1.0174665320286822,0.9864462679768919,1.0225504739444764,1.0492286958015167,1.0756744440687402,1.1159582879038545,1.0104652443605835,1.0885524765629377,0.9735480366677395,1.1298306840557937,0.9379795940427125,1.172674172461154
2024-10-01,10,2024-10-15,1.0174665320286822,0.9862845465138421,1.024599203799129,1.0533889392600517,1.0818656298342795,1.1197803954073433,1.012033837090167,1.0947451938334285,0.9730519477143933,1.1386022932831699,0.935571577006883,1.1842163725150368
2024-10-01,11,2024-10-16,1.0174665320286822,0.9874708681093785,1.0274829450854877,1.056606106210169,1.0870602356192616,1.1276802945561353,1.0136831912624404,1.100480944626511,0.9728863369118057,1.1466283301022786,0.9337313992263118,1.194710852389499
2024-10-01,12,2024-10-17,1.0174665320286822,0.9868286745656429,1.0287745895183638,1.0605954392784565,1.091538836874263,1.13707232223246,1.0152373033814983,1.1061356874558381,0.9726288517341201,1.1545927416244155,0.9318086324002514,1.2051725788523635
2024-10-01,13,2024-10-18,1.0174665320286822,0.9864634190099097,1.0311517583067267,1.0635387510486347,1.097635896844495,1.1417533452175777,1.0165717949272726,1.1121944164814288,0.9718891385093937,1.163327615745022,0.9291704749885448,1.216811666647668
2024-10-01,14,2024-10-21,1.0174665320286822,0.9883928700796151,1.0335725890801286,1.0668362105435354,1.1024640021197665,1.1497957461886907,1.018245661913014,1.1172587816835051,0.9720799025388848,1.1703193376513004,0.9280072307351813,1.2258998313862162
2024-10-01,15,2024-10-22,1.0174665320286822,0.9896337561591723,1.0359580132429516,1.0705968859770207,1.1073702239019783,1.1567829439745005,1.020554414678406,1.1231243088033382,0.9728375715767761,1.1782125866336584,0.9273517678816073,1.2360028969376091
2024-10-01,16,2024-10-23,1.0174665320286822,0.9909178524577658,1.0385179408794094,1.074160473171827,1.1106198963492717,1.1646885910697689,1.0221848885990814,1.127964727138688,0.9730752466340862,1.184891407876416,0.9263250182750143,1.2446910924429389
2024-10-01,17,2024-10-24,1.0174665320286822,0.9904322376852315,1.0416373117047266,1.0777810669370846,1.1153381472683246,1.1682321460667797,1.0239884959048766,1.1332476628041266,0.9733750282159626,1.192174173452341,0.9252632713585097,1.2541647395326947
2024-10-01,18,2024-10-25,1.0174665320286822,0.9911697727547999,1.0442493025937996,1.0823580491607216,1.120441299462837,1.1737231429629924,1.0263866689001089,1.13891265805782,0.9743641444957171,1.199720634093256,0.9249783876248568,1.2637752242771656
2024-10-01,19,2024-10-28,1.0174665320286822,0.9924537973384291,1.0478416376049173,1.0856856116985023,1.126713192217471,1.1820928157469863,1.0287538015558806,1.1448343414675517,0.9752048565011309,1.2076977191869647,0.9244432542607064,1.2740129537516467
2024-10-01,20,2024-10-29,1.0174665320286822,0.9940979751675757,1.0498730861782648,1.0882357506359301,1.1325874271488403,1.1870884639790034,1.031280679911536,1.1503114998023147,0.9764670473747431,1.2148838292245208,0.9245668159812127,1.2830809035334179
2024-10-01,21,2024-10-30,1.0174665320286822,0.994818128746246,1.0507541207586046,1.0929985147129704,1.1373772925951608,1.1932852975534443,1.033249828360749,1.155672738134004,0.9769910346445245,1.2222206918742362,0.9237954418924132,1.2926007254073713
2024-10-01,22,2024-10-31,1.0174665320286822,0.9947719007970907,1.0540092708787598,1.0977723728413316,1.1411792050204195,1.1987426218465547,1.035713296534438,1.1606055064990446,0.9784012847130386,1.2285905322218629,0.9242606782506385,1.3005579306774062
2024-10-01,23,2024-11-01,1.0174665320286822,0.9953447386355098,1.057281595554237,1.1014508355058226,1.1456554425200585,1.205608474136284,1.0378486419337276,1.1661569677165142,0.979089800263629,1.2361424099201677,0.9236576493410162,1.3103279403246677
2024-10-01,24,2024-11-04,1.0174665320286822,0.9970939747189482,1.0587731798470656,1.104512953109491,1.1494941892809456,1.2107847843109756,1.040190888902604,1.1707701588282164,0.980468726973295,1.2420839326222946,0.9241754901226068,1.3177415601560707
2024-10-01,25,2024-11-05,1.0174665320286822,1.0043750520900472,1.0631969914523949,1.1077193029273107,1.1552761027789795,1.2185553390793178,1.042929957426798,1.175864104661893,0.9822095380775934,1.2485562938178765,0.9250243219313342,1.3257423308116663
2024-10-01,26,2024-11-06,1.0174665320286822,1.0034387043437305,1.0659607543648228,1.1108943368367055,1.1599724652770746,1.2254561515850375,1.0442833561913543,1.1817096014024135,0.9816849936980981,1.2570627813585278,0.9228390179144497,1.33722095039382
2024-10-01,27,2024-11-07,1.0174665320286822,1.0078416261606797,1.0701141552332154,1.1124063301940121,1.1640278060075464,1.2339779216629823,1.0474036979675587,1.186024280753781,0.9842929268146646,1.2620696377052505,0.9249848627204165,1.3429908613718609
2024-10-01,28,2024-11-08,1.0174665320286822,1.008522596094402,1.0720254315671764,1.1160904798687512,1.168366409020061,1.243031948606322,1.04976988307415,1.1920136640269618,0.9851458831227963,1.2702078607299991,0.9245001468243137,1.353531472122275
2024-10-01,29,2024-11-11,1.0174665320286822,1.011558227099626,1.0743167503713729,1.1221126870000016,1.173245956773929,1.248978916472214,1.0519797990829811,1.1974346418598123,0.9860187903731016,1.2775385887747992,0.924193654494447,1.3630011933459512
2024-10-01,30,2024-11-12,1.0174665320286822,1.0109528978829463,1.077155131651467,1.1252773820731279,1.1782807658955405,1.2533489669888016,1.0541939513712224,1.2028312008354247,0.9869120180312593,1.284833250861401,0.9239242267209247,1.3724257247172487
2024-10-01,31,2024-11-13,1.0174665320286822,1.0135763765334596,1.0813614579337925,1.1278600913882237,1.182893950319836,1.2589777184456168,1.0569252197528622,1.2085431414699472,0.988405861777626,1.292323098005177,0.9243285422073739,1.3819109408095789
2024-10-01,32,2024-11-14,1.0174665320286822,1.0113768121943878,1.0855504124836024,1.134467513448131,1.1877962366111148,1.26987949706785,1.059106568386318,1.2142272519562305,0.9891439618988953,1.300110102872932,0.923802954835572,1.3920674872591279
2024-10-01,33,2024-11-15,1.0174665320286822,1.0114458696850395,1.0883366886885477,1.1379487972336926,1.1902371566938863,1.2757504329410874,1.061191503485863,1.2193249602831542,0.9899902423805405,1.3070202436837215,0.9235662712990593,1.401022674876064
2024-10-01,34,2024-11-18,1.0174665320286822,1.0134189042738897,1.0901331235147858,1.1412222766265354,1.1960724143655748,1.2810815298126952,1.0633686138364682,1.2244958241322819,0.9909394132854237,1.3139960018736714,0.9234435811112552,1.4100378775595328
2024-10-01,35,2024-11-19,1.0174665320286822,1.018239684446493,1.093261266010507,1.1448478061910676,1.1995759906071835,1.286915666147435,1.06637348259483,1.2301205724149182,0.9928649159122265,1.3211947947746883,0.9244235320355779,1.4190118634573623
2024-10-01,36,2024-11-20,1.0174665320286822,1.016006697032957,1.0972927366427838,1.1496590514466731,1.2049151940468144,1.2962404826008609,1.0691173066876274,1.2353997726292618,0.9945675408437304,1.3280015920039263,0.9252161452372386,1.427544562851565
2024-10-01,37,2024-11-21,1.0174665320286822,1.0188714758464725,1.0989301416644484,1.1537466265389105,1.2100885132642663,1.3014577535438123,1.0717335727146302,1.2405590109280635,0.9961426603395287,1.33469712108514,0.9258832838789243,1.4359787719411117
2024-10-01,38,2024-11-22,1.0174665320286822,1.0210290391688954,1.1010988937475756,1.1573646798473747,1.2138097084941935,1.3067283686277253,1.0745338937871238,1.2461003008671396,0.9978233851304114,1.3418978030516646,0.9265892064176824,1.4450600104837592
2024-10-01,39,2024-11-25,1.0174665320286822,1.0239143217823725,1.1059910737245393,1.1621100031490412,1.219008445782762,1.3136177769247916,1.077792799306422,1.2524036560116256,0.9998405662409658,1.3500468853241665,0.927526291272652,1.455302836130147
2024-10-01,40,2024-11-26,1.0174665320286822,1.025675613962226,1.1097809333400983,1.1665882575128492,1.2244943614727144,1.3230675687285105,1.080735442606413,1.2582572651086263,1.0016001206519707,1.357670785257838,0.9282593705547538,1.4649388580987075
2024-10-01,41,2024-11-27,1.0174665320286822,1.0301477689831686,1.1120213824833873,1.1697845809259522,1.229901305847374,1.3301550896618282,1.0835108648383616,1.2631160354998683,1.0035251971327503,1.3637923112703079,0.9294441375357684,1.4724929586884357
2024-10-01,42,2024-11-29,1.0174665320286822,1.0301881747017785,1.1173728624575086,1.173916699032839,1.2340020352577095,1.3335271270505538,1.0866476495095057,1.2676292480215792,1.0060903694436103,1.3691278483998606,0.9315051037418415,1.478753403796598
2024-10-01,43,2024-12-02,1.0174665320286822,1.0320005898079339,1.1203468854149974,1.1749654965436074,1.2400511183067695,1.3425458696423762,1.0886690041580214,1.273977295618083,1.0063821916036044,1.3781440145820447,0.9303150100798353,1.490827922492025
2024-10-01,44,2024-12-03,1.0174665320286822,1.0326522013647124,1.124542362275823,1.180240723981576,1.2447397221601992,1.3495567914362618,1.0917237808858988,1.2794978700046982,1.0084383943949238,1.3851696445127093,0.9315066806226304,1.4995686894519173
2024-10-01,45,2024-12-04,1.0174665320286822,1.0385752278408331,1.1258122831742121,1.1847874304526549,1.2508886836254558,1.3553740415665543,1.0945458430865445,1.2853314480136833,1.0100511493080049,1.3928544058146306,0.9320791181678768,1.5093720758138445
2024-10-01,46,2024-12-05,1.0174665320286822,1.0375036502476112,1.128932033756439,1.190718213205281,1.2546427488873118,1.361458018943433,1.097355682441692,1.291102948674656,1.0116742331138313,1.400449977839796,0.932682784919047,1.5190579050607544
2024-10-01,47,2024-12-06,1.0174665320286822,1.0397547710661177,1.131259910057827,1.193588343117407,1.2611014127634728,1.367015795256341,1.100599273469945,1.2961077536826522,1.01419923430942,1.4065236925693467,0.9345818334323137,1.5263460095334733
2024-10-01,48,2024-12-09,1.0174665320286822,1.0421092213457523,1.135490061236363,1.198260894506672,1.2650100445376282,1.3676531614096648,1.1030752737091059,1.300779083469489,1.0157947222671428,1.4125464644379542,0.9354202223355161,1.533917280461072
2024-10-01,49,2024-12-10,1.0174665320286822,1.0439247427681702,1.1370975248451078,1.2025653001642167,1.2720888419813008,1.3755240054288111,1.1056237009914018,1.3063593544157805,1.0171375328227459,1.420006456988758,0.9357331610647045,1.5435403214849195
2024-10-01,50,2024-12-11,1.0174665320286822,1.0481355519468516,1.1397440852863285,1.2058389154050397,1.2765040516795958,1.381577422741674,1.1087980684597447,1.311335033541871,1.0195812943045488,1.426081235912229,0.9375431336562435,1.5508681148615207
2024-10-01,51,2024-12-12,1.0174665320286822,1.0488364203725111,1.1431812942857436,1.2082344756040277,1.2801140817683663,1.3889658761880657,1.11141111825282,1.316048071706799,1.0213538468209655,1.4320898321407258,0.9385938859923199,1.5583635061757577
2024-10-01,52,2024-12-13,1.0174665320286822,1.0504435285474294,1.1474423549159383,1.2151408700315354,1.2830467561580483,1.3910185927728944,1.114354639624151,1.3218310767528278,1.0231684957086062,1.439634429086645,0.9394439915139595,1.5679365736376776
2024-10-01,53,2024-12-16,1.0174665320286822,1.0532013675813277,1.1503067564934835,1.2187992740690343,1.2901289272973153,1.4038213565376807,1.1172205878205042,1.3272686619817418,1.025012059561837,1.4466677351765516,0.9404138571209354,1.5768077676723171
2024-10-01,54,2024-12-17,1.0174665320286822,1.055138267233821,1.15162166635949,1.223564327529929,1.2935508930237267,1.410057624459966,1.119849630480321,1.3325425136281248,1.0265947281056131,1.4535894259260753,0.9411055797930701,1.5856321262210435
2024-10-01,55,2024-12-18,1.0174665320286822,1.061034909294788,1.1553113152225978,1.2259508260181544,1.2996605544521511,1.4157420591415704,1.1226717330278237,1.3383503175416085,1.028239489286288,1.461262756437896,0.941750305297411,1.5954633217966063
2024-10-01,56,2024-12-19,1.0174665320286822,1.0589794059986701,1.1572603148757514,1.2289876068989098,1.3050259323972515,1.4251251865329,1.1251472309520831,1.3440595130909785,1.0294488765499534,1.4690043127321222,0.9418900569423286,1.6055640764468913
2024-10-01,57,2024-12-20,1.0174665320286822,1.063329093731776,1.160519088731942,1.234629491931002,1.3119516887399134,1.4320385123954347,1.128137915003375,1.3503862770674242,1.031132048251625,1.477426641566528,0.9424674827353986,1.6164185894652454
2024-10-01,58,2024-12-23,1.0174665320286822,1.0643590856423635,1.1627601998374664,1.2392461548283251,1.317950689275286,1.4333615664249957,1.131007934945652,1.356038144950388,1.0329101014248205,1.484824187421793,0.9433207713761093,1.6258413347461178
2024-10-01,59,2024-12-24,1.0174665320286822,1.0684155523985415,1.1654592540625819,1.2442481718128668,1.3206999858122486,1.441406890471417,1.1336869067222324,1.3618768033081765,1.0343577790607204,1.4926575037519718,0.9437314736189011,1.635997043267718
2024-10-01,60,2024-12-26,1.0174665320286822,1.066154785979436,1.1716613669051497,1.2464525274821043,1.329356937405875,1.450352828806321,1.135965576369161,1.3685492979347613,1.0349456258525733,1.5021319508813755,0.9429092489711937,1.6487534656323715
2024-10-01,61,2024-12-27,1.0174665320286822,1.0676617131918904,1.1773282598831212,1.2507354602563923,1.3340024847467284,1.458050361193034,1.1390226681772586,1.3736580536349223,1.0371921771257677,1.5085224280714038,0.9444654986651027,1.6566276519638428
2024-10-01,62,2024-12-30,1.0174665320286822,1.0722327643725535,1.1796820928062217,1.2552939375817422,1.3408188180036835,1.467747938098281,1.1425031396459915,1.3796669314026921,1.039678291035021,1.516116874215113,0.9461076397430574,1.666061803730291
2024-10-01,63,2024-12-31,1.0174665320286822,1.075912961582035,1.1830107283340792,1.2578335486515793,1.342907798492458,1.475255486553164,1.145359913564943,1.3849631834555423,1.0415829314020233,1.522952483445608,0.9472088119543898,1.6746901972124506
2024-10-01,64,2025-01-02,1.0174665320286822,1.0755139536462686,1.1855399120990053,1.2638846941401332,1.3453396955708037,1.4819086540134736,1.1488623234238384,1.3904284645463383,1.0443057173852053,1.529639117875404,0.9492646848347321,1.6827876374769561
2025-01-02,0,2025-01-02,1.2224744771296328,1.2224744771296328,1.2224744771296328,1.2224744771296328,1.2224744771296328,1.2224744771296328,1.2224744771296328,1.2224744771296328,1.2224744771296328,1.2224744771296328,1.2224744771296328,1.2224744771296328
2025-01-02,1,2025-01-03,1.2224744771296328,1.1881914122293031,1.2115128776948088,1.2288033010287123,1.245810283196636,1.27119408334725,1.2035953014489158,1.2542725146862175,1.179029774845681,1.280405751933142,1.1549656336305147,1.3070834849583024
2025-01-02,2,2025-01-06,1.2224744771296328,1.1772274483314158,1.2103581540625181,1.2345973567118718,1.2570608384915127,1.2943818863192988,1.1989761154471401,1.269834719046256,1.1650436550014984,1.3068192699612036,1.1320715238377006,1.3448810138256457
2025-01-02,3,2025-01-07,1.2224744771296328,1.1693132181401056,1.2097554177784957,1.2374267077995706,1.2682273342010355,1.310292575987795,1.1951183945538517,1.2826995409456197,1.1535964917402568,1.3288683062457303,1.1135171810757896,1.3766988440976307
2025-01-02,4,2025-01-08,1.2224744771296328,1.1650003121940131,1.2090018124859216,1.2432639134997512,1.2772123229818557,1.3314848580628644,1.1934436802340411,1.2955527904816848,1.1454478899205431,1.3498381758049225,1.0993823087371193,1.4063981909860426
2025-01-02,5,2025-01-10,1.2224744771296328,1.159236886618938,1.2100551815197949,1.2486359548817618,1.289054620003534,1.349831222023004,1.1928381487498965,1.308380125956776,1.1389517094236299,1.3702826154914214,1.087499588907762,1.4351138549623936
2025-01-02,6,2025-01-13,1.2224744771296328,1.1589001098364071,1.2118279679801596,1.2542609500836193,1.2975920706013988,1.3641135511299631,1.1937281459427214,1.3188749359134395,1.135680956188645,1.3862855790607793,1.0804564160049908,1.4571417307137389
2025-01-02,7,2025-01-14,1.2224744771296328,1.157830422404452,1.215874601784531,1.2605986594137262,1.3091003783527455,1.3746695076034003,1.1958784125171726,1.3293708028796098,1.1342465614575976,1.4016051707058916,1.0757910241647661,1.4777645562051662
2025-01-02,8,2025-01-15,1.2224744771296328,1.1537699580659213,1.218130287766984,1.265919709960538,1.314502925245128,1.3877213018528367,1.1968082583320554,1.3405110458720881,1.130841316357727,1.4187089442861718,1.068510409983211,1.5014684696523115
2025-01-02,9,2025-01-16,1.2224744771296328,1.1499261136912482,1.2201873058947963,1.272253619498882,1.3249040146345468,1.4023971121301477,1.1965224009121642,1.3507066786272255,1.1261616320639973,1.4350966611045939,1.0599383852456155,1.5247591940588496
2025-01-02,10,2025-01-17,1.2224744771296328,1.1470169271280806,1.2245846977140065,1.2757644146745877,1.3335379800557965,1.4120403896723805,1.197888420707833,1.3610832505755361,1.1237823465187693,1.4508377627878866,1.0542607646219593,1.54651099632685
2025-01-02,11,2025-01-21,1.2224744771296328,1.153001915994417,1.2263469858399767,1.2827204260443388,1.3438131408198761,1.4322766600011654,1.2007416219912137,1.3728483896295627,1.122956823263863,1.4679426385430059,1.0502109728016857,1.569623861112624
2025-01-02,12,2025-01-22,1.2224744771296328,1.149766152325195,1.2285940573090728,1.2897365884643304,1.3539984186920442,1.4431620889850705,1.2027097071045767,1.3839208937916718,1.1212064596292124,1.4845214978323684,1.0452263897833214,1.5924350065186663
2025-01-02,13,2025-01-23,1.2224744771296328,1.1494518018952193,1.2347099678294169,1.2942008874202777,1.361327166495364,1.4607497811724195,1.2052928206192186,1.3933327284500117,1.1210150295345875,1.4980833352714398,1.0426302015113769,1.610709081609374
2025-01-02,14,2025-01-24,1.2224744771296328,1.154012414555034,1.2395792847599898,1.299204167745884,1.371799215042523,1.474888510232149,1.2081233092659924,1.4036171383451097,1.120837271433475,1.5129248690590171,1.0398575868863091,1.6307450207653837
2025-01-02,15,2025-01-27,1.2224744771296328,1.1464326466542134,1.239535935704557,1.3071017892143266,1.3781390620532223,1.4834868427689225,1.2087458494764136,1.4136340838099593,1.1177224907180396,1.528755434084514,1.0335535520540506,1.653251859168611
2025-01-02,16,2025-01-28,1.2224744771296328,1.1509715734546848,1.2426751390384216,1.3130544065197811,1.3864756847192943,1.5019051100945324,1.211061153472326,1.4240258975837867,1.116837960388386,1.5441653196517,1.0299455367618584,1.6744404286894234
2025-01-02,17,2025-01-29,1.2224744771296328,1.1472604419833636,1.2470213474216227,1.3179613405581652,1.39622749474447,1.5141798988093642,1.2138149990937603,1.434900858086661,1.1163947923965394,1.560114930327845,1.0267934845265823,1.6962555859624817
2025-01-02,18,2025-01-30,1.2224744771296328,1.1511472860671486,1.2518326375161926,1.3250898212207294,1.40665719511483,1.525666142128,1.217465198443549,1.4450931708654664,1.1174726667155308,1.5744015012091666,1.0256926953253038,1.7152804656361087
2025-01-02,19,2025-01-31,1.2224744771296328,1.1548696687831956,1.2594972116089467,1.3337332809987918,1.4164244401268808,1.543732386381441,1.2204143800220082,1.4559237477143347,1.1173562418410106,1.5902092917103288,1.0230008689004078,1.7368805168620907
2025-01-02,20,2025-02-03,1.2224744771296328,1.1519179109114819,1.2617322966514408,1.3372817128819883,1.4256193753012012,1.550774990447635,1.223638908959242,1.46594867100338,1.1179452502417986,1.604543542708242,1.021381040916072,1.7562415597297396
2025-01-02,21,2025-02-04,1.2224744771296328,1.1529927995287255,1.2652631444019153,1.3443557340412018,1.4324142039692305,1.562269920242638,1.226695200613081,1.4760557409685577,1.1182878851759326,1.6191452284209038,1.019460900724359,1.7761058732090427
2025-01-02,22,2025-02-05,1.2224744771296328,1.155756872886417,1.2668421023651995,1.348524008571942,1.4421220236267065,1.5751978084199103,1.2282242001604218,1.486011780294286,1.1166198633019822,1.6345362376804804,1.0151566130659893,1.7979054727019466
2025-01-02,23,2025-02-06,1.2224744771296328,1.1539441278753153,1.2727628299802494,1.3543668551018553,1.4468152383189339,1.5858682259800623,1.230451321723302,1.4944251995712383,1.1165021522368757,1.6469448431828178,1.0131055442353365,1.8150304995289774
2025-01-02,24,2025-02-07,1.2224744771296328,1.1504246608283872,1.2759754336762836,1.3598736929488906,1.4555776495599,1.5946138898624156,1.2333731239635064,1.5032738236905068,1.1171787679787513,1.6596247487340277,1.0119309196650288,1.832237256582171
2025-01-02,25,2025-02-10,1.2224744771296328,1.1526860969645152,1.2788454684992483,1.3679891039609646,1.4646630178349291,1.6107327007136738,1.2364885541848791,1.5133366025482209,1.1176797505122922,1.674203533545477,1.010286767699783,1.8521705395986738
2025-01-02,26,2025-02-11,1.2224744771296328,1.154917507859169,1.2832936687945025,1.3762625673496576,1.4724672426994103,1.6185745154983862,1.2406309855146234,1.5234171340336786,1.119578417113396,1.6881340971354561,1.0103373579261314,1.8706608099947628
2025-01-02,27,2025-02-12,1.2224744771296328,1.1594101330109405,1.2867931292835573,1.3858156846275584,1.480823231352019,1.6400080020546326,1.2445687133588432,1.532805089288181,1.121462747946056,1.701065203725377,1.0105337548109288,1.8877956809688226
2025-01-02,28,2025-02-13,1.2224744771296328,1.1570437378773604,1.2892018547427986,1.39266688822139,1.492372239312829,1.6437055270575902,1.2467650519787383,1.5425466219533424,1.1208765429873795,1.7157939751094786,1.0076992634862243,1.9084991812396788
2025-01-02,29,2025-02-14,1.2224744771296328,1.1594680534495894,1.296389244493658,1.3963743340156287,1.4985481831642773,1.6609280856088218,1.2500868135123244,1.554219520371012,1.1211251147787444,1.7329995574157548,1.0054673878657476,1.9323444511147814
2025-01-02,30,2025-02-18,1.2224744771296328,1.1607797213221915,1.2959245163040374,1.4050961377086915,1.514619948590315,1.670088565903473,1.2545688148904575,1.5648568376071774,1.1233224177519463,1.7476910967013097,1.005806329032861,1.951887288398565
2025-01-02,31,2025-02-19,1.2224744771296328,1.162993785581398,1.3035161800266355,1.4108087309997352,1.5164177256644005,1.6872028502126855,1.2566717372254326,1.574938096745,1.1225379377811335,1.763129892938144,1.002721223396046,1.9738090187778303
2025-01-02,32,2025-02-20,1.2224744771296328,1.1658455689753995,1.3089740812599047,1.4179659446289021,1.5276918674458442,1.7032159589926539,1.2600947929106066,1.5855676003899697,1.1233431567515897,1.7785887286986746,1.001432475493253,1.9951075344097193
2025-01-02,33,2025-02-21,1.2224744771296328,1.1696404495664614,1.312777366560355,1.4250527322005773,1.539289404257051,1.7160788394568516,1.2630999065152013,1.5959782572187333,1.1236810820264693,1.7939965527031896,0.9996510708228611,2.016583632360747
2025-01-02,34,2025-02-24,1.2224744771296328,1.1704108413371495,1.3154384483581694,1.4293654233547257,1.5470757852718193,1.7322998836758743,1.2659219556312578,1.6072572292223402,1.1234861018314088,1.8110257096219466,0.9970764906900775,2.040628009804373
2025-01-02,35,2025-02-25,1.2224744771296328,1.171353048295579,1.3176136214394858,1.437781542928688,1.5567573384819524,1.7356349980453536,1.2691527922455117,1.6169397918561053,1.124408033814222,1.8250880374500367,0.9961711735819061,2.0600311534294
2025-01-02,36,2025-02-26,1.2224744771296328,1.179861906948583,1.3209979561310943,1.444394871138277,1.5641763125863233,1.7483924739585628,1.2736526979669764,1.6265352294235458,1.1270541766485058,1.8381023966869305,0.9973292712592967,2.0771885905623098
2025-01-02,37,2025-02-27,1.2224744771296328,1.1798724268788694,1.3290854170317585,1.4493019227727264,1.5701814777862224,1.757409075961798,1.277994942688887,1.6364006779536988,1.1294028451531415,1.8516969384417667,0.998087507260605,2.095319073151611
2025-01-02,38,2025-02-28,1.2224744771296328,1.1843451344358824,1.336187366035811,1.4560093596172066,1.580879835408522,1.7755848014671851,1.2814435224375604,1.6473963234413171,1.1301866134188723,1.8678732542896683,0.9967835170148578,2.1178573998529124
2025-01-02,39,2025-03-03,1.2224744771296328,1.1820538679784292,1.3425955023765623,1.4576102424035864,1.5914953455267566,1.7894994072673787,1.2854619484569132,1.6571079064284173,1.1321746939121837,1.881466852823026,0.9971664576099367,2.136202177624875
2025-01-02,40,2025-03-04,1.2224744771296328,1.1804099019986034,1.3464492918861877,1.4621292620188007,1.6010755773151826,1.8118232539283385,1.2884641891382713,1.6676158451971967,1.1325581829008529,1.89717696646075,0.9955170259823419,2.1583390757741308
2025-01-02,41,2025-03-05,1.2224744771296328,1.1854841644292449,1.3532714776863508,1.4707835439890797,1.6162692329302155,1.832889413909092,1.2917538557127002,1.6796263667691358,1.1328262604806958,1.9152661896362506,0.9934519109498952,2.183964630312309
2025-01-02,42,2025-03-06,1.2224744771296328,1.188812395475005,1.355146406200774,1.475814078831791,1.6241326093326611,1.8517522912988813,1.2945604049005308,1.6908576203597199,1.1327392777387704,1.9324105455331704,0.9911459260417745,2.2084712938120563
2025-01-02,43,2025-03-07,1.2224744771296328,1.1869505276806072,1.3535995176338862,1.4854443062037097,1.6294881862146848,1.8611305363075012,1.2974791661657687,1.701714277143215,1.1329409335424216,1.9488560753617519,0.989268415529983,2.2318905432529137
2025-01-02,44,2025-03-10,1.2224744771296328,1.1938493792787264,1.3631716013003654,1.4942323664943804,1.640783734149755,1.8645338289209443,1.3023158185855026,1.7136339512423555,1.1353125655712786,1.9657076558869326,0.9897250752463425,2.254861130413038
2025-01-02,45,2025-03-11,1.2224744771296328,1.194625314155768,1.3646050297826728,1.4998129310113935,1.6531840908399535,1.8788174545689207,1.3066145828801756,1.7243330188024313,1.1373933355210832,1.9808790835554264,0.9900881381839072,2.275594041800908
2025-01-02,46,2025-03-12,1.2224744771296328,1.1987959122821414,1.371153940696842,1.5055554778944442,1.6615577862229822,1.8969043381303596,1.3116988760322361,1.7352158916401719,1.1404453043660328,1.9957824597322082,0.991550359625809,2.2954766872321386
2025-01-02,47,2025-03-13,1.2224744771296328,1.2108803133286106,1.3763279433679017,1.5137544334888753,1.6689638699314797,1.9129413850646766,1.3155059844286376,1.7445423563849851,1.1423481507537134,2.0089811572763425,0.9919827906348982,2.313503753875453
2025-01-02,48,2025-03-14,1.2224744771296328,1.208991851585703,1.3814484678958032,1.5194476019914553,1.675203249838567,1.920443286424433,1.3191703019470615,1.754095780332568,1.1439963702917306,2.022690910807085,0.9920839586132328,2.3324145502966265
2025-01-02,49,2025-03-17,1.2224744771296328,1.2073997788100341,1.388319562647553,1.5263622096299332,1.6908664848992583,1.9394026078991768,1.3233939665261012,1.7663290594995085,1.1455074512097045,2.040623321806262,0.99153188994917,2.3575128989156413
2025-01-02,50,2025-03-18,1.2224744771296328,1.2076523362352032,1.3905622762504284,1.5321944609429243,1.6972270727600156,1.9471408196599933,1.3270014969750925,1.776650546467488,1.1468486620945866,2.0557358722972707,0.9911532554758152,2.378661343983751
2025-01-02,51,2025-03-19,1.2224744771296328,1.211733427091734,1.3994025904787677,1.5433736930628714,1.7088862614410307,1.9624338784682978,1.3320517145572224,1.7872874187897234,1.149964489473315,2.070289380584086,0.992768007876629,2.3981023277507343
2025-01-02,52,2025-03-20,1.2224744771296328,1.221143164159921,1.4067578751246583,1.5491506298351236,1.7147164551763023,1.9760741857292239,1.3379157791484095,1.7977217830007894,1.1542022676867643,2.0838638142827755,0.9957150483576855,2.415550858614283
2025-01-02,53,2025-03-21,1.2224744771296328,1.2250585151699775,1.4063478442982547,1.5515795196325035,1.714910155606297,1.9824372472699734,1.342067351980099,1.80528877309315,1.1571459153807464,2.0937887703361273,0.997704524669937,2.4283934404988776
2025-01-02,54,2025-03-24,1.2224744771296328,1.2210732812305707,1.411639583754943,1.559663730610386,1.7302116331675463,1.992208563646681,1.3455879135228384,1.8169036457544898,1.1579829583714154,2.111260418893546,0.9965343166378374,2.453305967436462
2025-01-02,55,2025-03-25,1.2224744771296328,1.2229551183775866,1.4189787001439074,1.573704188466866,1.7429564094049472,2.004313177047604,1.3501988822187239,1.8277344230228625,1.1604864408863218,2.126526332417436,0.9974299321504256,2.4741637436502915
2025-01-02,56,2025-03-26,1.2224744771296328,1.2251021463362812,1.4263172181952934,1.58238226521292,1.750524575968789,2.0256423356869506,1.3554959564587534,1.8392898911040225,1.1636496617667624,2.142526305006293,0.9989557909618919,2.495756101224776
2025-01-02,57,2025-03-27,1.2224744771296328,1.2294458726970872,1.4289457173520625,1.5899880158471138,1.7580599444390774,2.044311951357185,1.360540710285788,1.8522466907319002,1.1660519464157686,2.1611876177378515,0.9993652754825659,2.5216575861273687
2025-01-02,58,2025-03-28,1.2224744771296328,1.2397081058907824,1.4371206669805183,1.5938666046218604,1.7669792051633242,2.070008643068573,1.3653460179665642,1.8642795788496451,1.1684457974186477,2.1784379771676714,0.9999410871235528,2.5455366642457387
2025-01-02,59,2025-03-31,1.2224744771296328,1.2371876664931862,1.4439948287695743,1.6064215995408313,1.77884838667857,2.066735212923927,1.3694590519045686,1.8754691311637388,1.1702229639752175,2.194776771013845,0.9999727874378038,2.568448072292694
2025-01-02,60,2025-04-01,1.2224744771296328,1.2434798967094587,1.4540070688246043,1.615557964999811,1.786182803716781,2.092614036958084,1.3759306293951008,1.8865446033272275,1.1750633177009355,2.2090337297880036,1.0035199239756427,2.586649693166398
2025-04-01,0,2025-04-01,1.0674687560700864,1.0674687560700864,1.0674687560700864,1.0674687560700864,1.0674687560700864,1.0674687560700864,1.0674687560700864,1.0674687560700864,1.0674687560700864,1.0674687560700864,1.0674687560700864,1.0674687560700864
2025-04-01,1,2025-04-02,1.0674687560700864,1.0492879723105244,1.0613095485274338,1.0700532343790383,1.0781895826689085,1.0911018289440577,1.0573963684526022,1.082365907874713,1.0451284487294157,1.0950709280902318,1.033002861492726,1.1079250822885396
2025-04-01,2,2025-04-03,1.0674687560700864,1.0421109079126034,1.0600598138943047,1.0718774043104524,1.0842884771832004,1.1015587591801543,1.0541349336291597,1.0898917793075298,1.0366988587867234,1.108222497503171,1.0195511879201087,1.1268615171613492
2025-04-01,3,2025-04-04,1.0674687560700864,1.0375586763854516,1.0591499135082003,1.07368558859883,1.0886804483399575,1.110905854896922,1.0518994853645554,1.0959823515414477,1.0305274951749444,1.1187118024050118,1.0095897308510364,1.1419126367136034
2025-04-01,4,2025-04-07,1.0674687560700864,1.0341274773782225,1.0586925871623394,1.0761832271502993,1.0942688084467473,1.1188553548642741,1.0509007873867129,1.1016988649079826,1.0263869585031624,1.1280114142168143,1.0024449512546745,1.1549524022698276
2025-04-01,5,2025-04-08,1.0674687560700864,1.032062701722574,1.0591016786330745,1.0787550983193235,1.0975902355883917,1.1268016671584118,1.050278196661318,1.1072566222598068,1.0228981225973703,1.1368947334807844,0.9962318293756133,1.1673261726612318
2025-04-01,6,2025-04-09,1.0674687560700864,1.0301595978870344,1.0591159550192315,1.0808002066059363,1.1022801090657262,1.1329363540516226,1.0495141725506842,1.1124502480568774,1.0193942107406386,1.1453197293959017,0.9901386604108439,1.1791604027548688
2025-04-01,7,2025-04-10,1.0674687560700864,1.0280362159588046,1.0602767393905395,1.0836290994441296,1.1057408163288942,1.1394266458801667,1.049364374722691,1.117215749783949,1.016999991714376,1.1527693375160173,0.9856337875205319,1.1894543607840293
2025-04-01,8,2025-04-11,1.0674687560700864,1.0266279316050617,1.0610784239472317,1.0856023588088555,1.1105506214474452,1.1473155021077521,1.049346107701484,1.1220848481212369,1.0147645449702254,1.1603237161989919,0.9813226295604358,1.1998657041204166
2025-04-01,9,2025-04-14,1.0674687560700864,1.0258606948122084,1.061870347433949,1.089064108377681,1.1146364593401346,1.1527975630746274,1.0495761412792493,1.1273851442349423,1.0127092362806425,1.1684267379326545,0.977137300394538,1.2109624194510742
2025-04-01,10,2025-04-15,1.0674687560700864,1.022789475275073,1.0629219181243126,1.0914073177997854,1.1170933865058794,1.1588805093306314,1.0489737563406598,1.1317553077989524,1.0098820767631997,1.175564596893743,0.9722472109553404,1.2210697064523433
2025-04-01,11,2025-04-16,1.0674687560700864,1.0230271431552258,1.0634138608869301,1.0929636606648359,1.1209485204549454,1.1648959644617847,1.0494780317095587,1.1367214407094715,1.0084003838446174,1.1830263051364045,0.9689305572995445,1.2312174192572454
2025-04-01,12,2025-04-17,1.0674687560700864,1.0199140718930109,1.0635100263619746,1.0945469695711996,1.1251336817074749,1.1705057436889093,1.0494323677629689,1.1403749920121242,1.0067180147543398,1.1887603186449296,0.9657422358634836,1.2391986014103777
2025-04-01,13,2025-04-21,1.0674687560700864,1.0217105640239506,1.064343035493612,1.0969683252043432,1.1293176550008177,1.176456522085157,1.0504678104199427,1.145082654781242,1.0061337217329185,1.1955393633424136,0.9636707150535603,1.2482193869002771
2025-04-01,14,2025-04-22,1.0674687560700864,1.0201672609139516,1.066920330166691,1.099524192515956,1.1322820946508567,1.1825078290866313,1.0511196694845155,1.149594674807364,1.0050921311405083,1.2022396128537105,0.9610800952625983,1.2572953914881693
2025-04-01,15,2025-04-23,1.0674687560700864,1.0200725114569054,1.066932475840584,1.1024297874416242,1.1366756663217452,1.1897788462037089,1.0514988684795163,1.1532599041255647,1.004036770268573,1.2077759701235353,0.9587169955865579,1.2648690800656017
2025-04-01,16,2025-04-24,1.0674687560700864,1.0214735308220473,1.0712429997492277,1.1045929342058614,1.1379883249324731,1.1934423778818855,1.0527836218616837,1.1571039402303587,1.004205264422841,1.2130787601141304,0.9578684471850916,1.2717613578837825
2025-04-01,17,2025-04-25,1.0674687560700864,1.018953921180337,1.0709811234786115,1.1080838261102632,1.1426858504528123,1.1986877982045623,1.0532268752687886,1.1618544858744553,1.0027831532173728,1.2203000875597252,0.9547554054960377,1.2816857203744374
2025-04-01,18,2025-04-28,1.0674687560700864,1.0201408810511072,1.071684057825288,1.1081599174212604,1.1454549439995254,1.207026700923431,1.0538534531556427,1.1658566246045776,1.0019539505759436,1.2262460056349571,0.9526103615912083,1.289763453414084
2025-04-01,19,2025-04-29,1.0674687560700864,1.0187526141210068,1.0730803109462972,1.1119498354465085,1.1497308111246394,1.2113700108366325,1.0549513343183459,1.1703233165165348,1.0016032148918068,1.232657928795042,0.950952870949089,1.2983126525616098
2025-04-01,20,2025-04-30,1.0674687560700864,1.0203163986582509,1.0748604643471553,1.113597031366538,1.1536097827364808,1.2139843100829757,1.0556369906526268,1.1743648063583267,1.0008532092311775,1.2386461058208105,0.9489125099804068,1.3064459758656322
2025-04-01,21,2025-05-01,1.0674687560700864,1.0196091590579877,1.0762857278814792,1.1169189779237034,1.1576869175526148,1.2200324715640614,1.0570027598609144,1.1789612139098313,1.000839467247243,1.2451200193964957,0.9476603820140932,1.3149914046455653
2025-04-01,22,2025-05-02,1.0674687560700864,1.0192041702733297,1.077999142676896,1.1196661213692276,1.1611454285731275,1.2223580859352032,1.0584750295281382,1.1825448482681975,1.001410441403237,1.2499312384191625,0.9474223237920673,1.321157589129956
2025-04-01,23,2025-05-05,1.0674687560700864,1.017468657371633,1.0788502290207647,1.1217854754259884,1.164883106455282,1.228473139997045,1.0590371506866185,1.186598720938806,1.0004948443097852,1.2560305888416148,0.9451886865739102,1.3295251480278414
2025-04-01,24,2025-05-06,1.0674687560700864,1.0205233309170159,1.0788886247155858,1.1229965119506717,1.169397079293434,1.234480705184215,1.0599587161274815,1.1907072169409694,1.000071227736759,1.2620106027934734,0.9435673723226606,1.337583865204795
2025-04-01,25,2025-05-07,1.0674687560700864,1.0206594039478216,1.081296251782405,1.1259092493755203,1.1717957284306841,1.2411096498770038,1.0611450776392009,1.1951862118848937,0.999871889139465,1.2684284650660846,0.9421367688153615,1.3461590796404326
2025-04-01,26,2025-05-08,1.0674687560700864,1.0219346858758627,1.084107724339975,1.1286888809136268,1.175024611545926,1.2457219337135148,1.0626561848740106,1.1989807733886415,1.0004215814643909,1.2735674219677104,0.9418317560334661,1.3527939849388468
2025-04-01,27,2025-05-09,1.0674687560700864,1.0237342779737628,1.086315595448109,1.1313240854398043,1.1801331195183622,1.2547762201975847,1.063725167953203,1.20377726679056,0.9999334196473308,1.2805734363260453,0.9399672714819066,1.3622688939757237
2025-04-01,28,2025-05-12,1.0674687560700864,1.020887307536161,1.0875755572103327,1.1344776504804077,1.1834469721023475,1.2576157053205872,1.0646904769316685,1.208035893337814,0.9995283925881812,1.2867911716824398,0.9383544130770246,1.3706807294812982
2025-04-01,29,2025-05-13,1.0674687560700864,1.0229555064868916,1.0881543527948085,1.1361084484523527,1.186361424637761,1.2611145937892094,1.0653011190600234,1.2105983407541554,0.9993291083589229,1.290517564584352,0.9374426149994229,1.3757127599094725
2025-04-01,30,2025-05-14,1.0674687560700864,1.021891547120918,1.088546263412018,1.137595888300676,1.1896026764697876,1.2651314930033648,1.0666585964521393,1.2144636949479943,0.9996452078726645,1.2958779075749025,0.9368419707548105,1.3827498988453653
2025-04-01,31,2025-05-15,1.0674687560700864,1.020493024980312,1.0911562067361693,1.1405789421476897,1.1932997141207353,1.2722613085078671,1.067565630643897,1.218405808487324,0.9993000175461435,1.301639289982195,0.9353996573170136,1.390558736197111
2025-04-01,32,2025-05-16,1.0674687560700864,1.0244572094345075,1.092991590188305,1.1439764209595529,1.197573132539202,1.2730054198834482,1.0688632569666658,1.2225424635700444,0.9994273862383228,1.3074794000891294,0.9345022329589879,1.398317385774376
2025-04-01,33,2025-05-19,1.0674687560700864,1.0220318932721286,1.0933262013560545,1.1438317370310016,1.201624277781478,1.2795275158509918,1.0696875919586675,1.2260071628502573,0.999168959095002,1.3125354203769617,0.933299232714261,1.4051706074367702
2025-04-01,34,2025-05-20,1.0674687560700864,1.026602149324413,1.093520965758205,1.1461206227521639,1.203613639508812,1.2832796073023336,1.0705809035764566,1.2293909093051085,0.9990431351067482,1.3174230263760456,0.9322856240660015,1.4117587964001115
2025-04-01,35,2025-05-21,1.0674687560700864,1.028780403697612,1.0963916218207275,1.1487666299267005,1.2061209730419122,1.2913386435446945,1.072174462860311,1.233664851657411,0.9995386516210807,1.3233144586557313,0.9318236450243207,1.4194788431676977
2025-04-01,36,2025-05-22,1.0674687560700864,1.0274350720810352,1.0982068727019514,1.1522706885167842,1.2095196986655816,1.2953516682321329,1.0733791486665585,1.2382408107718959,0.9993719942249317,1.329937075474402,0.9304674718917737,1.4284237842385532
2025-04-01,37,2025-05-23,1.0674687560700864,1.0277758044024436,1.099160229598204,1.1524223666677598,1.2140195591191194,1.299544953430877,1.074104868392979,1.2417138602338589,0.9989856806443133,1.3350851050918104,0.9291200696497144,1.4354774436538156
2025-04-01,38,2025-05-27,1.0674687560700864,1.0294223612193854,1.0997737616937608,1.156590100066067,1.2189197990946177,1.307841137103318,1.0755299335889692,1.2458143100908705,0.9993257895503713,1.3408145733926173,0.9285209109225254,1.4430591346240798
2025-04-01,39,2025-05-28,1.0674687560700864,1.0305767765975886,1.1011954129193595,1.1584904448445417,1.2225236051590194,1.312711634570093,1.076772758068606,1.2496715654415362,0.9995123053168765,1.346268866368578,0.9277954340819279,1.4503329600149473
2025-04-01,40,2025-05-29,1.0674687560700864,1.0320182351101148,1.1046993582234577,1.1613527686334089,1.2261929954118247,1.3171156306287908,1.07856689932584,1.2537424961654517,1.0003833582254777,1.3517269609931133,0.927867213466328,1.4573692625591221
2025-04-01,41,2025-05-30,1.0674687560700864,1.0311416421995165,1.105492473869615,1.1624617425382286,1.2281745180741865,1.3211281961956178,1.0800818597719357,1.2579566146945422,1.0008112453252809,1.3575947774948212,0.9273585513055806,1.4651249163539288
2025-04-01,42,2025-06-02,1.0674687560700864,1.0301446728819452,1.1083449178221194,1.1647853752498012,1.2315701218334527,1.3231706512943353,1.0814250113108272,1.2616948777923902,1.0011921704894273,1.3628037031296951,0.9269119465198137,1.4720151170888836
2025-04-01,43,2025-06-03,1.0674687560700864,1.0316671881989328,1.1109354279402825,1.1674641370868089,1.2368498414802962,1.3312071728495802,1.083240414458311,1.2659853587802197,1.0020120411771092,1.3686127994352562,0.9268746967551007,1.4795597609302111
2025-04-01,44,2025-06-04,1.0674687560700864,1.0330346123251795,1.113004915160507,1.171279433513209,1.2392627917826065,1.3337358904560193,1.0847639127829112,1.2689948939413078,1.0029352741030564,1.3725311114262995,0.927279339021923,1.48451476111317
2025-04-01,45,2025-06-05,1.0674687560700864,1.0327022321583137,1.113807068882044,1.173598363046592,1.2437670762786084,1.3379071574226327,1.086093836965942,1.272288028947686,1.0034790350115113,1.3770334395374553,0.9271484096812996,1.490402369951343
2025-04-01,46,2025-06-06,1.0674687560700864,1.0329674669662416,1.115733858402031,1.1766799883579584,1.2465851127245953,1.3393136197725124,1.0875999841082318,1.2758390566445896,1.00416676275777,1.381844718620747,0.9271339666800456,1.4966580748844243
2025-04-01,47,2025-06-09,1.0674687560700864,1.0345730003266085,1.1155864437968162,1.1802166940183063,1.247338275543144,1.344478083155384,1.0887074276516175,1.2781496598698454,1.0047914350316691,1.3848953920540048,0.9273435656545106,1.5005560828672593
2025-04-01,48,2025-06-10,1.0674687560700864,1.0314366149893908,1.1184019339101272,1.1817910797923508,1.251290429963376,1.346615186235835,1.0899791826915834,1.2818431703598434,1.0051013547409988,1.3900910237332686,0.926833052726331,1.5074800872257637
2025-04-01,49,2025-06-11,1.0674687560700864,1.0334641788797783,1.1204198535261316,1.184959166551622,1.255618626336288,1.352653755299751,1.0918941472424333,1.2855215281598456,1.0063084746818636,1.39485403140984,0.9274312430137962,1.513485170275856
2025-04-01,50,2025-06-12,1.0674687560700864,1.0338725786503886,1.124310271617563,1.1868934478417783,1.2580518784256651,1.359527746524391,1.0924101045727697,1.288812053228132,1.005735473330792,1.3998823221168413,0.9259378305654733,1.5205246652270095
2025-04-01,51,2025-06-13,1.0674687560700864,1.036276219820241,1.1250267549843487,1.18796877323878,1.262045912355611,1.3573173173004995,1.0933278370702317,1.292239216111666,1.005666886358302,1.4048798128820248,0.9250344242836974,1.5273389508965969
2025-04-01,52,2025-06-16,1.0674687560700864,1.0343010059308912,1.1278368743661744,1.1906472365486858,1.2648500103815152,1.3656403088581321,1.094555334417055,1.2966610483474128,1.0056418780081648,1.411304857560783,0.9239510831514074,1.5360848569587064
2025-04-01,53,2025-06-17,1.0674687560700864,1.0337144576959494,1.127100213593446,1.1928090106713949,1.266146763875742,1.3742546143802656,1.0954687926080202,1.299953020498208,1.005625289115594,1.4160920386804523,0.9231501882415358,1.5426070253259008
2025-04-01,54,2025-06-18,1.0674687560700864,1.0342987549625786,1.1308454451280712,1.195562307839156,1.2691230651296683,1.374065223826688,1.0975053090891758,1.3039429957442357,1.0068867868780182,1.4212961965825412,0.9237504303563818,1.549211035308349
2025-04-01,55,2025-06-20,1.0674687560700864,1.0344991121723464,1.1321827490490117,1.1988857105186046,1.2733121292826912,1.3821320801266974,1.0985966652990384,1.3077415493318223,1.0069234461411578,1.4268021175539636,0.9228999672166329,1.5567023038280217
2025-04-01,56,2025-06-23,1.0674687560700864,1.036822731222123,1.1329104060917472,1.2020731022056284,1.2753662016681495,1.3878589372927266,1.09967672854772,1.3119040437818168,1.0068076725386546,1.4329155273487693,0.9217815228493444,1.5650892443309505
2025-04-01,57,2025-06-24,1.0674687560700864,1.0401444097209873,1.1336357252613485,1.2037533780567373,1.2784012585352567,1.396845579711673,1.101070479114987,1.315473628871806,1.0073528168926638,1.4378568804452396,0.9216119376093189,1.5716258868806174
2025-04-01,58,2025-06-25,1.0674687560700864,1.0395963748017862,1.133169573579294,1.206122074763081,1.281089167414144,1.3991153976110047,1.1032337127096674,1.3194805171009616,1.0087877407951187,1.4430145518838264,0.9224271287713358,1.5781142426592965
2025-04-01,59,2025-06-26,1.0674687560700864,1.0408486964509316,1.136419961918443,1.2094689342542013,1.2833502879364576,1.3996624737893673,1.1054761296988724,1.3230396326702736,1.0105030462761255,1.4473867624174306,0.9236892404103537,1.5834207746241469
2025-04-01,60,2025-06-27,1.0674687560700864,1.0437940066322318,1.140610658830153,1.210593593494944,1.28704264615198,1.4139267442282892,1.1069541522709279,1.3273375512899124,1.0108896731665062,1.4534739575121585,0.9231619297133956,1.5915970606821417
2025-04-01,61,2025-06-30,1.0674687560700864,1.0475440632542108,1.1422970518775937,1.212431231359774,1.288873007272448,1.4177645598013229,1.1085945318984556,1.3308988112904216,1.0117811396971097,1.458247329208375,0.9234224463417708,1.5977813302587196
2025-04-01,62,2025-07-01,1.0674687560700864,1.0464972171739182,1.1424590317922867,1.2158186576212189,1.294441937257017,1.4221995120380544,1.1107902620138523,1.3344337766925511,1.0134435956924077,1.46261326308913,0.9246281289753946,1.6031050732741645
2025-07-01,0,2025-07-01,1.1936033304093439,1.1936033304093439,1.1936033304093439,1.1936033304093439,1.1936033304093439,1.1936033304093439,1.1936033304093439,1.1936033304093439,1.1936033304093439,1.1936033304093439,1.1936033304093439,1.1936033304093439
2025-07-01,1,2025-07-02,1.1936033304093439,1.1575878911248743,1.1812275978045885,1.1978048672172001,1.2164806823990024,1.240473340236781,1.172937596587406,1.2240757976471601,1.148175313615138,1.2504749989898596,1.1239357955877254,1.2774435423887232
2025-07-01,2,2025-07-03,1.1936033304093439,1.1414197072555525,1.176966337111115,1.2023697513269334,1.22789895448674,1.2649830745396407,1.165687902271711,1.2401533404919414,1.130149091481164,1.2791513587633583,1.0956937671623777,1.3193757136331952
2025-07-01,3,2025-07-07,1.1936033304093439,1.1336156178004422,1.175091147693385,1.2059824451497412,1.2390919916151129,1.2862738892132983,1.1612634606706995,1.2541269652265765,1.1174430243512212,1.3033074510488036,1.0752761582199588,1.354416545578741
2025-07-01,4,2025-07-08,1.1936033304093439,1.1260495295096393,1.1742198740554335,1.2105725127707019,1.2465431394698199,1.3013255442192995,1.1584553550492094,1.2647393558492575,1.1087112024345414,1.3214839683299424,1.0611030671541333,1.3807745212296483
2025-07-01,5,2025-07-09,1.1936033304093439,1.12097339983569,1.1763323639002676,1.2152848358322594,1.258126200721747,1.3163904286194383,1.1569474986703423,1.2771348036228334,1.1011642596950044,1.3418324319075967,1.048070658541742,1.4098075396673528
2025-07-01,6,2025-07-10,1.1936033304093439,1.119387323161731,1.174224208492522,1.2188352400624145,1.2640563121104225,1.333381777780249,1.1556282976697247,1.2860944724655914,1.0954456014091305,1.356751228857019,1.038397093655774,1.431289797456368
2025-07-01,7,2025-07-11,1.1936033304093439,1.1128116418371716,1.1760284799874494,1.223645289766364,1.2707969248962987,1.3451443536526393,1.1557762060439143,1.2947442535576126,1.0919899163380844,1.370374010588093,1.0317239368213378,1.4504215204935318
2025-07-01,8,2025-07-14,1.1936033304093439,1.1127136703454166,1.1778112179481135,1.227723445927996,1.277629165455075,1.355994022036402,1.15591162002931,1.303915481505614,1.0883340665811736,1.3848790577171888,1.024707269965052,1.4708698774625226
2025-07-01,9,2025-07-15,1.1936033304093439,1.1105540296537477,1.1794392846106598,1.2302387105183885,1.2840275678903064,1.3671747159748797,1.154809175012483,1.3133633101690276,1.0828614640466354,1.4006260736624012,1.0153962885725667,1.493686768187913
2025-07-01,10,2025-07-16,1.1936033304093439,1.1074814026790738,1.183670455651167,1.2358469926879112,1.2934024472364059,1.3825805457334024,1.1559897426920394,1.3229796033772858,1.0805737084573113,1.4153137720501396,1.010077768242145,1.514092181195592
2025-07-01,11,2025-07-17,1.1936033304093439,1.105172532276246,1.1829829492793986,1.2403995710491127,1.3010076446528296,1.3922981831842516,1.1558521508839528,1.33153115174941,1.0769059154544451,1.4291435524978753,1.0033518126465057,1.5339117608798014
2025-07-01,12,2025-07-18,1.1936033304093439,1.1039629356340157,1.1851169105311619,1.2436339859033918,1.3073826151655292,1.4026302387708682,1.1555732412601918,1.3392436025881271,1.0734119472580284,1.4417522318742422,0.9970923238580225,1.552107095450975
2025-07-01,13,2025-07-21,1.1936033304093439,1.0967760980252785,1.1902621719520672,1.2472460433258248,1.3128378408192085,1.4140176211584634,1.1562071869674186,1.3481788877827903,1.0707294205067222,1.4558058175281239,0.9915709786804568,1.572024749500593
2025-07-01,14,2025-07-22,1.1936033304093439,1.0978943127680905,1.1912963106773602,1.253981026913036,1.3199296016162492,1.4281831956728077,1.1572740088998272,1.3583072076868112,1.0682066974176314,1.4715631640930213,0.9859942758868726,1.5942624272776216
2025-07-01,15,2025-07-23,1.1936033304093439,1.0945077369887268,1.1929781472187284,1.259857731541655,1.3282543130191864,1.4395727699695693,1.158899981762854,1.367026466848506,1.0670394410004413,1.4847126419382441,0.9824602524530203,1.6125303222644407
2025-07-01,16,2025-07-24,1.1936033304093439,1.0947196705683822,1.195626597976847,1.2609196491798027,1.3366545883759797,1.4442341358558584,1.1605154423494108,1.375162016038482,1.06610370249884,1.4969432632157502,0.9793726675284788,1.6295091830287376
2025-07-01,17,2025-07-25,1.1936033304093439,1.1002063009137482,1.197497882959976,1.2668362968521762,1.3438698019731157,1.4614487258484894,1.1623889253847972,1.383962432546189,1.0652831181072193,1.510117430189465,0.9762895163067442,1.6477720777192593
2025-07-01,18,2025-07-28,1.1936033304093439,1.0973042109733793,1.1991796348068067,1.273772707953332,1.3521087452647849,1.4753593898779909,1.1627290781273976,1.393050924910445,1.062268501730676,1.524794169333568,0.970487786876779,1.6689966010992114
2025-07-01,19,2025-07-29,1.1936033304093439,1.0968427180756983,1.1997857260827103,1.2763158108943957,1.3594024205006225,1.4864972071132752,1.1631723402769336,1.401389875063461,1.0597089731089033,1.5382128319965154,0.9654486001791972,1.6883943281034428
2025-07-01,20,2025-07-30,1.1936033304093439,1.093972413940936,1.202764989737418,1.2799354250650157,1.3657597495330143,1.4975986506509622,1.1641380974278905,1.4106301407233763,1.0575482079102576,1.5528070265856868,0.9607178173493927,1.7093138677565791
2025-07-01,21,2025-07-31,1.1936033304093439,1.0943959951968292,1.2046528770482874,1.2845216551790615,1.375232296022127,1.5101190000582618,1.1671232895273185,1.4192027362954702,1.058407437703601,1.5649781994022596,0.9598183107458942,1.7257272001865964
2025-07-01,22,2025-08-01,1.1936033304093439,1.0974822342997297,1.206360870610311,1.2907904821929717,1.3821060771444438,1.5173531870931285,1.168516094674517,1.4270253912154556,1.057392431517223,1.5769945835074748,0.9568364178512568,1.742724363365188
2025-07-01,23,2025-08-04,1.1936033304093439,1.097068747946981,1.2099583818488795,1.2942724930982514,1.38821240461164,1.5305643384449197,1.16933846531102,1.4366232770553113,1.0549670721988893,1.5923708922217814,0.9517821883400314,1.7650034625587985
2025-07-01,24,2025-08-05,1.1936033304093439,1.0985039976498885,1.211798190419282,1.298624822819722,1.3948960529751218,1.5474475762541644,1.171524489064475,1.4456282658247506,1.0546266495387069,1.6058658447880854,0.9493931883621314,1.7838646161125713
2025-07-01,25,2025-08-06,1.1936033304093439,1.09655350102101,1.2151214228793206,1.304647157728231,1.404418584077499,1.5611318307900595,1.1743720297788343,1.4545915961032159,1.0552078453708196,1.618858021866454,0.9481353171718698,1.8016749869737363
2025-07-01,26,2025-08-07,1.1936033304093439,1.0933525306876262,1.2193302862888389,1.3099006008061136,1.412259063647791,1.569039074581277,1.1758424062719839,1.46314225544906,1.0540965738453811,1.6321319630982871,0.9449562127252946,1.8206396097483302
2025-07-01,27,2025-08-08,1.1936033304093439,1.094592080298349,1.223015693866938,1.315795841576941,1.4180741397881633,1.5822875486032053,1.1780731177143473,1.4716056073771457,1.0540534935101518,1.6447542905582266,0.9430898222484962,1.8382755969048148
2025-07-01,28,2025-08-11,1.1936033304093439,1.092551163667096,1.2254029744994255,1.3211634480337342,1.4260999361243147,1.5898063756586216,1.1802865517845054,1.4791743908186534,1.0543177024742851,1.6559047022829214,0.9417931739288398,1.853750578743532
2025-07-01,29,2025-08-12,1.1936033304093439,1.0911426216408404,1.2279668974927438,1.3274756154014444,1.4312514984614837,1.6042578179748666,1.1820013462805434,1.488355784616099,1.0533521279428273,1.670133371825447,0.9387051114054608,1.8741120292044349
2025-07-01,30,2025-08-13,1.1936033304093439,1.0929592372870045,1.2337910539531287,1.3281587369788992,1.439090098009987,1.6088331558402573,1.1840763462599464,1.496684169635225,1.0531845407871943,1.6826949641343685,0.9367619583455686,1.8918235388386941
2025-07-01,31,2025-08-14,1.1936033304093439,1.0930412930727695,1.2349798226613748,1.3377281408617392,1.4498316320726534,1.6229503443045556,1.1868911313386108,1.5048432938028626,1.0540729986115098,1.6944605941161026,0.9361177761508445,1.9079705620088492
2025-07-01,32,2025-08-15,1.1936033304093439,1.0974629512979974,1.2362004671430395,1.3445088627003512,1.4539817803278396,1.6331686540157855,1.1882599247405874,1.513719311493957,1.052796663126066,1.7084894530472128,0.9327763991799634,1.9283206529833699
2025-07-01,33,2025-08-18,1.1936033304093439,1.0977946585936826,1.2396621922252042,1.3474376746004877,1.458654614526502,1.647274151663007,1.188977088493845,1.5216929187819501,1.050985487187754,1.7214871548762385,0.9290090658336505,1.947513843184639
2025-07-01,34,2025-08-19,1.1936033304093439,1.0940129807209256,1.2439274712050374,1.3521874805077738,1.4652420535408048,1.6610685905628797,1.1911577197279324,1.5280787041667705,1.0516737715917976,1.730748444990791,0.9285233210818946,1.9602983613801623
2025-07-01,35,2025-08-20,1.1936033304093439,1.0957037262977352,1.2437555432972474,1.3556087521786555,1.475870696462301,1.6737709213767715,1.1922374456557212,1.5380350221990648,1.0496899147089904,1.7468996515071007,0.9241857996128945,1.9841280259485925
2025-07-01,36,2025-08-21,1.1936033304093439,1.098487324521219,1.2498162676667233,1.3557880654033,1.4880385962417404,1.6791283838363231,1.1945019238143897,1.545960879449285,1.0499800088261408,1.758750861083996,0.922943694736025,2.0008297962013004
2025-07-01,37,2025-08-22,1.1936033304093439,1.0963070924800782,1.2497592432003297,1.3629698706034374,1.493717634553193,1.6905704703039193,1.1955957095055243,1.5556581005904384,1.0481403600951702,1.7745124807087485,0.9188709910265507,2.024155913819352
2025-07-01,38,2025-08-25,1.1936033304093439,1.0926776879700157,1.2527111029320694,1.3659709292714788,1.4968582236750225,1.6969971315825043,1.1968690453643973,1.5648251411283525,1.0467357203289425,1.789268042019177,0.915434877738832,2.045902792616586
2025-07-01,39,2025-08-26,1.1936033304093439,1.0987786010848646,1.2577587525590959,1.3686126473307123,1.5060154826078966,1.7048331348596755,1.199179961377424,1.5715215082423553,1.0475297828345245,1.7990296146601819,0.9150575236972137,2.0594739158512607
2025-07-01,40,2025-08-27,1.1936033304093439,1.095967313347265,1.2605947115253149,1.3743824167466605,1.5114955909497165,1.7226448871790545,1.2012253486032567,1.5790206906224113,1.0477141803738013,1.8103789326092155,0.913821045345671,2.075635803317677
2025-07-01,41,2025-08-28,1.1936033304093439,1.1013892708193964,1.2626243053410842,1.3828475590491682,1.514396191104278,1.730374030424565,1.2044981108923476,1.5860199480410617,1.0496750201966225,1.819951884627296,0.9147524915655556,2.088387896034643
2025-07-01,42,2025-08-29,1.1936033304093439,1.1021831510896076,1.266837992414195,1.3885738778359102,1.522860050406114,1.7471738363020004,1.206919142912142,1.5940073170086608,1.050200227933897,1.8318772874622429,0.9138313243513582,2.1052440352767787
2025-07-01,43,2025-09-02,1.1936033304093439,1.103027852566944,1.2708033980410138,1.394238910344611,1.533794024004865,1.7687162953186633,1.2092142817422977,1.6036753768307008,1.050017824156638,1.8468135724264274,0.9117800274886334,2.1268147036334586
2025-07-01,44,2025-09-03,1.1936033304093439,1.1032998358203616,1.2754960555899078,1.3973378724925967,1.5428965633232754,1.7771183339340062,1.211591472177019,1.6137540013112053,1.0498219424340178,1.8624211470061598,0.9096515914193465,2.1494059974428743
2025-07-01,45,2025-09-04,1.1936033304093439,1.10295863748321,1.2726352716083233,1.400782029016266,1.547505181429476,1.7933347845464258,1.2136931375986497,1.6222545613123827,1.0497934109959237,1.8755301832529716,0.9080270552991239,2.1683486378655776
2025-07-01,46,2025-09-05,1.1936033304093439,1.1135236650667142,1.275766932167319,1.4116527019770169,1.5540580748409698,1.793009556887938,1.216593486928154,1.6302514543569138,1.050971484115741,1.887161860623185,0.907896575390488,2.1845586327635704
2025-07-01,47,2025-09-08,1.1936033304093439,1.1062872833658681,1.2825074705528239,1.4187393873631382,1.5585831875443756,1.7949272162518493,1.2196970007883026,1.6381224136994161,1.0524579609593767,1.89842546593687,0.9081499412320208,2.200091531363989
2025-07-01,48,2025-09-09,1.1936033304093439,1.1044429272474916,1.2870186365660259,1.4253263213069578,1.5663011642112226,1.8066749694262152,1.2214559233815974,1.646209271301064,1.052141566145111,1.91112311333118,0.9062970296509391,2.2186678315947237
2025-07-01,49,2025-09-10,1.1936033304093439,1.1019232690343526,1.2916404427139454,1.4259866870019926,1.5686325931245921,1.8200205337866742,1.222759069333172,1.651850979713818,1.0520246271005262,1.919932019271021,0.9051299178909933,2.2315202787001533
2025-07-01,50,2025-09-11,1.1936033304093439,1.1019201328703316,1.2946236231904724,1.4301040884544245,1.5778410926919073,1.8296783792219111,1.225556561614305,1.6599137618974582,1.0530700867630978,1.9317975395734148,0.9048595898132348,2.2482142262836633
2025-07-01,51,2025-09-12,1.1936033304093439,1.1077967410443808,1.299886704464439,1.4312735070662796,1.583991375670398,1.8378189326761898,1.2280459877368675,1.6673238269870185,1.0539304870295025,1.9427755067229304,0.9045015272899115,2.26373342024574
2025-07-01,52,2025-09-15,1.1936033304093439,1.1100542396549433,1.2999970220325734,1.4397493035490894,1.5919217564535877,1.8557547604639275,1.2304765966362636,1.6751534744583858,1.054587782515725,1.9545429790376239,0.9038411572164131,2.280530300747779
2025-07-01,53,2025-09-16,1.1936033304093439,1.1115063887910006,1.303129925715326,1.4477082917713204,1.6013518735332912,1.8672872556372866,1.2326395356207185,1.6852579685014517,1.054194983094238,1.9705231318759242,0.9015831719379594,2.3040753913247296
2025-07-01,54,2025-09-17,1.1936033304093439,1.1159702265917317,1.30332023273842,1.4480708519156251,1.6078870102292304,1.8688312043841313,1.2350528036967297,1.6932622944703009,1.0547904038082645,1.9826387656060294,0.9008382416005584,2.3214693244636857
2025-07-01,55,2025-09-18,1.1936033304093439,1.1130548345038935,1.3070898142084069,1.4489650306165545,1.6100649149617556,1.8759790855708158,1.236853137922739,1.6995685043351647,1.0551346024151584,1.9922734340149106,0.9001141647937009,2.3353889094539397
2025-07-01,56,2025-09-19,1.1936033304093439,1.1147396917822836,1.3055331815224078,1.4549554090584242,1.6249248426394796,1.881921138366282,1.2398706336703265,1.7082470621344577,1.0563047179250902,2.005108309612156,0.8999161902946426,2.3535584649284558
2025-07-01,57,2025-09-22,1.1936033304093439,1.117917604721737,1.3115760619181898,1.4620531219529596,1.6328538460685165,1.8996042458273372,1.2432944665327899,1.717640558936216,1.0577787980309221,2.018884294516988,0.8999444746859036,2.372960846460027
2025-07-01,58,2025-09-23,1.1936033304093439,1.1185883179284979,1.3106166117008673,1.468040055066469,1.6360769674121622,1.911773747561688,1.2457134907486094,1.7257922528630367,1.0583589679013692,2.0312982237811665,0.899182447052183,2.390885963876201
2025-07-01,59,2025-09-24,1.1936033304093439,1.1123034188210728,1.311747185290454,1.472065225393004,1.645886968756721,1.9243198390613185,1.2470682627307033,1.7340891305986992,1.0575468893461895,2.044852612495377,0.8968277492018211,2.4113075464497724
2025-07-01,60,2025-09-25,1.1936033304093439,1.1216122233551848,1.3217380144984614,1.472366272718396,1.655441813706118,1.9412344320457464,1.250059694538128,1.7417467434406801,1.0590186909609942,2.055948040060069,0.8971736251516509,2.4268294798570396
2025-07-01,61,2025-09-26,1.1936033304093439,1.1253391623485662,1.3232258378989457,1.4813286498697338,1.6618143387217374,1.9502089954278825,1.253090266420641,1.751124517300426,1.0600223458551004,2.0700668212325204,0.8967010628226848,2.4470999075347533
2025-07-01,62,2025-09-29,1.1936033304093439,1.119982488925829,1.3255412713253794,1.4838802642687874,1.6674882379794425,1.954865250294145,1.2545265873499247,1.7593406418071453,1.0593630894371227,2.083459045684777,0.894560678568334,2.4672888762388685
2025-07-01,63,2025-09-30,1.1936033304093439,1.1243462339614458,1.3317905871701579,1.4870700708837634,1.6762581253769047,1.9586538602153811,1.2573442576836522,1.7658919558987383,1.0609605603235526,2.092758386571801,0.8952498917327355,2.480127762028127
2025-07-01,64,2025-10-01,1.1936033304093439,1.1192842696353935,1.3308252212269485,1.4928537758099414,1.6854213318468567,1.9663823169863417,1.2591869626240868,1.7745587467112192,1.060694060685472,2.1066406620823943,0.8934907394759224,2.50086670129335
2025-10-01,0,2025-10-01,1.4484739767869266,1.4484739767869266,1.4484739767869266,1.4484739767869266,1.4484739767869266,1.4484739767869266,1.4484739767869266,1.4484739767869266,1.4484739767869266,1.4484739767869266,1.4484739767869266,1.4484739767869266
2025-10-01,1,2025-10-02,1.4484739767869266,1.407440811355336,1.4342382519849137,1.4538647094067003,1.4744504191468977,1.5041770860818386,1.425734972318152,1.4840595219336765,1.397437985398616,1.5141105247822872,1.369702617212064,1.5447700360895276
2025-10-01,2,2025-10-03,1.4484739767869266,1.3946611949056993,1.4323109569483852,1.45953821035023,1.4877871387703925,1.5275431804027177,1.4203980819066806,1.5009099435551383,1.3817764873005414,1.5428613994621325,1.3442050402473464,1.5859854271548446
2025-10-01,3,2025-10-06,1.4484739767869266,1.3871439054237436,1.4318373951968737,1.4664583736011385,1.5018865191920736,1.5490071784100465,1.417154636934207,1.516330406253521,1.37002641690163,1.5684914099731548,1.324465470521168,1.6224467259995383
2025-10-01,4,2025-10-07,1.4484739767869266,1.3809991427479154,1.4322438867037621,1.4713539867043806,1.5104722782006927,1.5679549213197128,1.4148190362488917,1.5288385027268707,1.3610388939346196,1.589249085127273,1.3093030439526103,1.6520467335647007
2025-10-01,5,2025-10-08,1.4484739767869266,1.3750709856604808,1.4338528071689918,1.4770552077762809,1.5200039137990327,1.5876559705233824,1.4150764310369268,1.5432358672074042,1.3550449192715301,1.611604657644882,1.2975601126351262,1.6830023379657584
2025-10-01,6,2025-10-09,1.4484739767869266,1.3716876207684179,1.4354024804411145,1.4819369867197212,1.5321236846392194,1.60303081551842,1.4139523885265468,1.554947468556555,1.3483241645727055,1.6306328588982968,1.2857420571743332,1.7100021539551602
2025-10-01,7,2025-10-10,1.4484739767869266,1.3696434390686556,1.4381469614612232,1.488855347351086,1.54166861595004,1.6166625663742606,1.4139652083015466,1.568224949474061,1.3426224529387032,1.6515555154714876,1.2748793538565657,1.7393140069599484
2025-10-01,8,2025-10-13,1.4484739767869266,1.3651234776487844,1.4398201631710512,1.494316627477915,1.5512234681748405,1.6345218450615877,1.4131882686462107,1.580522482784279,1.3362868550863127,1.671479310374609,1.263570182893661,1.767670574409477
2025-10-01,9,2025-10-14,1.4484739767869266,1.360033537720016,1.4410134585896266,1.4975619066575871,1.5628380322499102,1.6547043163094493,1.4126789572638898,1.5924784369034426,1.3305415278324135,1.690785842193824,1.253179817101156,1.7951619927249378
2025-10-01,10,2025-10-15,1.4484739767869266,1.3573348190938606,1.4443050826394208,1.5031241328099134,1.5733137879680787,1.6677686844401303,1.4139189268544898,1.6031159935260542,1.3278661151383433,1.7070064665016884,1.2470505813619785,1.8176295966391796
2025-10-01,11,2025-10-16,1.4484739767869266,1.3595540910943134,1.4462780960999064,1.511161572013929,1.5824172701411054,1.6860275907865003,1.4158579143310948,1.615553708005904,1.3254666621648297,1.725727676749862,1.2408461715880459,1.8434150468302428
2025-10-01,12,2025-10-17,1.4484739767869266,1.3571638565601232,1.45113751769021,1.517323460239064,1.5901678416364071,1.6990873748773265,1.4184198569644115,1.6259675561834483,1.3248028871515365,1.740866275910143,1.2373647204581422,1.8638842940475762
2025-10-01,13,2025-10-20,1.4484739767869266,1.360212911517857,1.4535306632885605,1.5248622306845059,1.5965756399755036,1.7103670104843793,1.4210603413206053,1.6350866290371033,1.3247941312993077,1.7539002538223563,1.2350492370324506,1.8813474746409427
2025-10-01,14,2025-10-21,1.4484739767869266,1.3604217916200068,1.4569307907420634,1.5323624315891151,1.6069869344626069,1.724256584485695,1.4233588211901733,1.646621392434567,1.323349992201069,1.7710606399626452,1.2303680391668337,1.9049040689233838
2025-10-01,15,2025-10-22,1.4484739767869266,1.3597527965225067,1.4604606103578877,1.5369067647904728,1.617185788388382,1.7421236268716362,1.4258740847766755,1.6573184338121134,1.3225703529927513,1.786768771618089,1.2267509153091412,1.9263302562116715
2025-10-01,16,2025-10-23,1.4484739767869266,1.359324920472692,1.4615523993423971,1.5434190471832994,1.6290881543726474,1.7600236763643036,1.4272314744556904,1.6686552612607766,1.3199525238848444,1.8042749764045574,1.2207372780749735,1.9509171642919194
2025-10-01,17,2025-10-24,1.4484739767869266,1.3562041022816,1.4676148714793775,1.5492437117384483,1.6341258831398842,1.7692395355893833,1.4284996818888376,1.6785073777506856,1.3178275872015415,1.8194696168537734,1.2157297419157422,1.9722699646934365
2025-10-01,18,2025-10-27,1.4484739767869266,1.3591589815625287,1.4717814746393276,1.5565442434400756,1.643345844475313,1.7833449841859013,1.4308932909636087,1.689939158485261,1.316665137246935,1.8365509464839258,1.2115558124351986,1.9958821369961297
2025-10-01,19,2025-10-28,1.4484739767869266,1.362532062042362,1.4715824860123947,1.562509895782711,1.654230970496619,1.7927810899492227,1.4320453360275234,1.7014767024492123,1.3137784908827772,1.8546442897422128,1.2052788272012183,2.0216000821651385
2025-10-01,20,2025-10-29,1.4484739767869266,1.355721743786932,1.4783389335898645,1.5696863142136195,1.6631075878149806,1.8056161271429376,1.434403899952994,1.7110667882142732,1.3133295171191364,1.8688081262944418,1.2024747148225874,2.0410914623320893
2025-10-01,21,2025-10-30,1.4484739767869266,1.359860820967651,1.4797358960436373,1.5748979513422123,1.6727505198752048,1.8151154331368182,1.4367604572145627,1.7207642930832205,1.3128522636887552,1.8831715958215915,1.1996300828143496,2.0609070478531426
2025-10-01,22,2025-10-31,1.4484739767869266,1.3618529668634693,1.484770035117987,1.5807403317608366,1.681868627614343,1.8362291091457632,1.4394078786014093,1.7324721936863863,1.3120267110489658,1.90067328968959,1.1959182078248498,2.085204580659144
2025-10-01,23,2025-11-03,1.4484739767869266,1.3589712553977362,1.4867400599168736,1.588725783701578,1.690423364908203,1.8516519122710842,1.4409422501702986,1.7439317949228628,1.3098003903728297,1.9185404304272569,1.1905939064650652,2.1106315017020565
2025-10-01,24,2025-11-04,1.4484739767869266,1.351325029559346,1.491975062820815,1.5908948114046093,1.6977427882516418,1.8694697904610722,1.4431339756675863,1.7538744115262839,1.3090635522343081,1.9335010496683203,1.1874485755874333,2.1315245176621196
2025-10-01,25,2025-11-05,1.4484739767869266,1.356734630275315,1.4965386709238218,1.5998723160858304,1.7064731492785288,1.8748832157508408,1.4465601054707324,1.7660206906385103,1.309202517102237,1.9513062670914827,1.1848876685487382,2.15603144865412
2025-10-01,26,2025-11-06,1.4484739767869266,1.3632230423067564,1.5025976742686955,1.6076425285609894,1.71858970742956,1.889160728687442,1.4515480075220173,1.7760116620843047,1.3122730182031541,1.9645044542363985,1.1863613641300081,2.1730024825318153
2025-10-01,27,2025-11-07,1.4484739767869266,1.3612926961401328,1.5063320733176946,1.6137611307003845,1.7236396293112357,1.9021719704985107,1.4538606434616819,1.7869676258057963,1.311371763020693,1.981133020826081,1.1828478256027053,2.196395720620638
2025-10-01,28,2025-11-10,1.4484739767869266,1.3571548275941892,1.5087477228825548,1.6224001591972579,1.734032258992345,1.9152971602965616,1.4560295576334177,1.7979037957178101,1.3103039864776307,1.9978578218201402,1.1791632443023738,2.2200497522251132
2025-10-01,29,2025-11-11,1.4484739767869266,1.3578547028588543,1.51368407452814,1.6280353695160579,1.7429084533243082,1.9242590193722253,1.4590612491428083,1.8072707192230968,1.3109878862478732,2.0113981988620004,1.1779418025791504,2.238581453986296
2025-10-01,30,2025-11-12,1.4484739767869266,1.364584045096562,1.514904438026617,1.6352375679317817,1.7518244112120573,1.946156518896826,1.4623185480472503,1.8195333920380978,1.3109404612156632,2.0296401756501434,1.1752329170325249,2.264008597280468
2025-10-01,31,2025-11-13,1.4484739767869266,1.3694892139938033,1.5212741280055107,1.6389017583852477,1.767155653501865,1.9620784397507063,1.4664924157891501,1.8288300161274837,1.3132066140219705,2.0423026504598716,1.1759430819715853,2.280693164095938
2025-10-01,32,2025-11-14,1.4484739767869266,1.367879853138318,1.527513309941022,1.645547096310705,1.7788803713280983,1.974829294022657,1.4707427907639903,1.8393331795255328,1.3151487903196066,2.056942935667966,1.1760155151130538,2.300297894743445
2025-10-01,33,2025-11-17,1.4484739767869266,1.3689371998635984,1.5298539415806636,1.651045079070766,1.7889998636612119,1.9942066905909857,1.4738696127907571,1.850817428402935,1.3152454475164026,2.0740338403738128,1.173693094830234,2.324171095972226
2025-10-01,34,2025-11-18,1.4484739767869266,1.373814785342382,1.534463352859953,1.6579863241537935,1.7929640734665249,2.0088550262563656,1.4774558004033647,1.8609302375346723,1.316457065593376,2.0885164016741684,1.1730024039146043,2.343935668346486
2025-10-01,35,2025-11-19,1.4484739767869266,1.3777827617971148,1.5449218578877293,1.670024613878644,1.797111754124503,2.023803420940556,1.4827861682008785,1.8728125084814558,1.3193822544884508,2.104758097028203,1.173985548820684,2.3654298692172846
2025-10-01,36,2025-11-20,1.4484739767869266,1.3820140312405007,1.5521025379966908,1.6760148792780751,1.8107865775886756,2.0340439783128663,1.487549670450376,1.8836827302125085,1.3219144077190927,2.1197073034369427,1.1747222536819582,2.3853056463160427
2025-10-01,37,2025-11-21,1.4484739767869266,1.383000348131416,1.5561655060463906,1.6834212540634863,1.8185692437305172,2.0482650762302503,1.4919970568580219,1.8936005030437737,1.3243652278304414,2.133283416112082,1.1755675043890397,2.4033042482528497
2025-10-01,38,2025-11-24,1.4484739767869266,1.386812948060764,1.563009830495443,1.6897358676130592,1.8307530844098956,2.0595804983725126,1.4965129915394269,1.9051174553958694,1.3263552445804443,2.1495244460772636,1.175544913256239,2.4252863418983637
2025-10-01,39,2025-11-25,1.4484739767869266,1.390458053936264,1.5663938069342334,1.702594229639798,1.8382103831653493,2.063855234151746,1.500996113910689,1.9158400592797757,1.3285861685146376,2.164457640762866,1.175979864844229,2.445338198230359
2025-10-01,40,2025-11-26,1.4484739767869266,1.388618579214945,1.5672356486196644,1.7080038254047358,1.8441731588019776,2.077770596746701,1.5062594868955985,1.9265345106599563,1.3318683429396332,2.178789592001629,1.1776677912122022,2.4640742535094495
2025-10-01,41,2025-11-28,1.4484739767869266,1.3938755821733482,1.5707957552595375,1.7163117872762403,1.8536106108345,2.085009791625342,1.5100967176253517,1.9357586492013152,1.3337718315771419,2.191666305335915,1.1780353390252138,2.4814050015618627
2025-10-01,42,2025-12-01,1.4484739767869266,1.3935439464662878,1.5773051486034997,1.7260778936788501,1.8682951180219574,2.0980051025445747,1.5133819001451239,1.9486017205381698,1.3337095547737072,2.2111100305901847,1.175368343128794,2.508982474892955
2025-10-01,43,2025-12-02,1.4484739767869266,1.3957954844658338,1.5819481558042274,1.729265551781375,1.8808515828687329,2.114713135437983,1.516845267824855,1.9593766810515518,1.3346056342492307,2.2269284425817113,1.1742609722638218,2.5310142436307417
2025-10-01,44,2025-12-03,1.4484739767869266,1.3957582205728538,1.5840095170137813,1.7349792933272354,1.8879175393665424,2.1403065451868004,1.5209226387812005,1.9711983249310758,1.335966369900549,2.244098523332165,1.1735022518538578,2.554780063846537
2025-10-01,45,2025-12-04,1.4484739767869266,1.4051625523230065,1.5899739954550922,1.7432568836088562,1.8966011671525789,2.160125744820682,1.5255574401968681,1.9824237382489764,1.338272647774986,2.25985436415877,1.173979840150465,2.5761100660135696
2025-10-01,46,2025-12-05,1.4484739767869266,1.4049303802257773,1.595412162120172,1.7484245116461088,1.9089760012499535,2.1680447899678725,1.5284620506526148,1.9947849349521125,1.3379317213942759,2.2788555077463113,1.171151936908567,2.603379609597045
2025-10-01,47,2025-12-08,1.4484739767869266,1.3988480334322635,1.601438366659812,1.7569548803403616,1.9199837258299088,2.175304400517707,1.5322754393654976,2.007243324299679,1.3387677732003171,2.2973735312603387,1.1696977609338384,2.6294396290878437
2025-10-01,48,2025-12-09,1.4484739767869266,1.3995063768006275,1.6092172484812186,1.7687244436175757,1.9326093062601761,2.194610463616163,1.5366669784392573,2.0187785701072287,1.3406805078206385,2.3138923459903267,1.1696901470973176,2.6521471290178353
2025-10-01,49,2025-12-10,1.4484739767869266,1.405593101876625,1.6128082820645668,1.7692605054063342,1.9424937806084581,2.210504276396651,1.5401168543493589,2.0296306195008045,1.3415967803449291,2.3299611112610514,1.1686658164599217,2.6747324009745417
2025-10-01,50,2025-12-11,1.4484739767869266,1.407395849156727,1.6201156833396935,1.7733597963474006,1.9500666999500504,2.216152354011278,1.5429292546894322,2.039577648207456,1.3419888219055958,2.344970367310056,1.167217481064658,2.696090550117139
2025-10-01,51,2025-12-12,1.4484739767869266,1.4078550493860622,1.620770801565485,1.7801638965713606,1.9608076358365292,2.2454039871946074,1.5464155320444708,2.0504070633866394,1.3429791182340167,2.3610056826529724,1.1663054817020229,2.7186542287425244
2025-10-01,52,2025-12-15,1.4484739767869266,1.4112992635766866,1.6272831104754653,1.785117350476214,1.9645252886148734,2.245762396003625,1.5511451177791595,2.0607477629878312,1.3457556964954753,2.3752593727502354,1.1675621925323088,2.737771788070677
2025-10-01,53,2025-12-16,1.4484739767869266,1.4160440282082771,1.6326357777024552,1.79282517898644,1.975560721175302,2.2749050756524594,1.555298090118346,2.0730033682645326,1.3471639547748833,2.393278240590614,1.1668828841078354,2.7630349398224388
2025-10-01,54,2025-12-17,1.4484739767869266,1.4208025547923726,1.6418144961085706,1.79936602159143,1.985433425986006,2.2915921177726206,1.5591473291179863,2.0838659268611535,1.3486394079187283,2.4091346990368674,1.1665531657103207,2.7851743834814227
2025-10-01,55,2025-12-18,1.4484739767869266,1.4272618555517023,1.6410433939463682,1.8090977993048387,1.9990171182872083,2.3086985517875807,1.5632264089743566,2.095986313771219,1.3500150305565142,2.4270108734902873,1.1658839514643864,2.810315001266288
2025-10-01,56,2025-12-19,1.4484739767869266,1.4287910984661165,1.64473475702172,1.8142096238880332,2.006449651191973,2.3200356462243144,1.5671957383249109,2.107325072715301,1.3515094783789894,2.4436313071113673,1.1655071702151107,2.8336083703501473
2025-10-01,57,2025-12-22,1.4484739767869266,1.4267766907250827,1.6502626305282782,1.8189694909197212,2.0166525549828593,2.3402383137191625,1.5715358711219514,2.1183356691248756,1.3535959870810381,2.4594048171535823,1.1658799076179083,2.85538885210627
2025-10-01,58,2025-12-23,1.4484739767869266,1.4357294556277251,1.65341407511736,1.8315461850505939,2.0303843609635077,2.3496916553127525,1.5759534405795725,2.1291660542607174,1.355845822337078,2.4748142550556205,1.166479825236999,2.8765748846926393
2025-10-01,59,2025-12-24,1.4484739767869266,1.4378659620803071,1.6521404210939075,1.8405590742556686,2.0374879241549735,2.3583927810853487,1.5803242567644367,2.1411648355111015,1.3576701142932581,2.492309944563116,1.166386032078622,2.9010418799846733
2025-10-01,60,2025-12-26,1.4484739767869266,1.4454584141943156,1.6599209942579716,1.8427811623824062,2.0480120112897913,2.3751747603006574,1.5825367485349895,2.153878817317364,1.3565008584975504,2.512783061612758,1.1627499840417814,2.9314920895095264
2025-10-01,61,2025-12-29,1.4484739767869266,1.4359751770539353,1.6682411091789513,1.8451377178609527,2.0599322931106423,2.394933184068523,1.5859789853869315,2.166196918812823,1.3570541449931228,2.5316180670628055,1.1611729848953336,2.9586830180661954
2025-10-01,62,2025-12-30,1.4484739767869266,1.437877335346803,1.6755160754026763,1.8512266077512258,2.067353825413348,2.4116332985286117,1.590518590928684,2.1788446093885407,1.3589234576118139,2.550175168855731,1.1610508510745527,2.9847899037065497
2025-10-01,63,2025-12-31,1.4484739767869266,1.4398858809285668,1.6781993832398785,1.8612851196081883,2.0733332452018542,2.436841804461303,1.593588911138608,2.1889934345231,1.3596972498500093,2.565538515427633,1.1601339582168282,3.0068559230633753
2025-10-01,64,2026-01-02,1.4484739767869266,1.4477861147898439,1.6815488158503007,1.869846464181997,2.081921761732073,2.440782623839905,1.5979184025520117,2.199492531187919,1.3619797539207494,2.5805152989560427,1.160878332164803,3.027543450920343
2026-01-02,0,2026-01-02,1.4646134965066924,1.4646134965066924,1.4646134965066924,1.4646134965066924,1.4646134965066924,1.4646134965066924,1.4646134965066924,1.4646134965066924,1.4646134965066924,1.4646134965066924,1.4646134965066924,1.4646134965066924
2026-01-02,1,2026-01-05,1.4646134965066924,1.4505439721380635,1.4600961698484614,1.4667213310752985,1.4726984483121395,1.481812995931638,1.456739276528574,1.4761868019429307,1.4471118026512924,1.486007708556819,1.4375479559822222,1.495893952570142
2026-01-02,2,2026-01-06,1.4646134965066924,1.4460645498801192,1.459541140306583,1.4686245123796628,1.478207181771081,1.491600409142649,1.454698002260499,1.4827964208032318,1.4408490984362718,1.4970485066357444,1.427132037879056,1.5114375781985483
